t,Unnamed: 0,TRANSMITTER,DETECTEDID,DATETIME,X,Y,D,LAT,LON,n,HPE,HPEm,TEMP,DEPTH,ACCEL,DRX,URX,geometry,TIMEDELTA,speed,prev_pt,direction,turning_angle,state
2020-06-22 12:25:00,52515,2020-21,A69-9006-7849,6/22/2020 12:25,3437.35,5785.14,5.154,34.406166,-119.566204,1,21.0,,,5.1543,,Off_A Off_B OS1,Off_A Off_B OS1,POINT (-119.566204 34.406166),0 days 00:00:00,0.9854422991614391,,39.249728659038624,0.0,1
2020-06-22 12:28:00,48138,2020-21,A69-9006-7849,6/22/2020 12:28,3549.9,5922.25,3.335,34.407402,-119.56498,7,4.3,,,3.3351,,In_B Off_A Off_B Off_C OS1,In_B Off_A Off_B Off_C OS1,POINT (-119.56498 34.407402),0 days 00:03:00,0.9854422991614391,POINT (-119.566204 34.406166),39.249728659038624,-37.52082454354286,1
2020-06-22 12:29:00,52263,2020-21,A69-9006-7849,6/22/2020 12:29,3551.54,5976.83,5.003,34.407894,-119.564962,2,4.8,,,5.0027,,In_C Off_A Off_B OS1,In_C Off_A Off_B OS1,POINT (-119.564962 34.407894),0 days 00:01:00,0.9100422079211106,POINT (-119.56498 34.407402),1.7289041154957658,46.77052470255881,1
2020-06-22 12:31:00,48608,2020-21,A69-9006-7849,6/22/2020 12:31,3636.35,6051.53,3.487,34.408567,-119.56404,7,2.9,,,3.4867,,In_B Off_A Off_B Off_C OS1,In_B Off_A Off_B Off_C OS1,POINT (-119.56404 34.408567),0 days 00:02:00,0.9413084587505949,POINT (-119.564962 34.407894),48.49942881805458,11.36115417315188,1
2020-06-22 12:32:00,47178,2020-21,A69-9006-7849,6/22/2020 12:32,3684.53,6079.34,3.032,34.408818,-119.563516,13,2.6,,,3.0319,,In_A In_B In_C Off_A Off_B Off_C OS1,In_A In_B Off_A Off_B Off_C OS1,POINT (-119.563516 34.408818),0 days 00:01:00,0.9273969445439124,POINT (-119.56404 34.408567),59.860582991206456,-16.82146761802561,1
2020-06-22 12:33:00,46209,2020-21,A69-9006-7849,6/22/2020 12:33,3726.41,6123.93,2.729,34.40922,-119.563061,15,2.5,,,2.7287,,In_B In_C Off_A Off_B Off_C OS1,In_B In_C Off_A Off_B Off_C OS1,POINT (-119.563061 34.40922),0 days 00:01:00,1.0190635697886987,POINT (-119.563516 34.408818),43.039115373180834,-16.18763217944052,1
2020-06-22 12:36:00,46699,2020-21,A69-9006-7849,6/22/2020 12:36,3816.45,6301.02,2.88,34.410817,-119.562081,13,2.6,,,2.8803,,In_A In_B In_C Off_A Off_B Off_C OS1,In_A In_B Off_A Off_B Off_C OS1,POINT (-119.562081 34.410817),0 days 00:03:00,1.104170433904247,POINT (-119.563061 34.40922),26.851483193740307,8.919401926675041,1
2020-06-22 12:37:00,47179,2020-21,A69-9006-7849,6/22/2020 12:37,3851.35,6349.24,3.032,34.411251,-119.561702,1,4.7,,,3.0319,,In_B Off_A Off_B OS1,In_B Off_A Off_B,POINT (-119.561702 34.411251),0 days 00:01:00,0.9905000802194086,POINT (-119.562081 34.410817),35.77088512041536,-18.867024266306252,1
2020-06-22 12:39:00,43264,2020-21,A69-9006-7849,6/22/2020 12:39,3881.94,6449.52,1.971,34.412155,-119.561369,1,4.2,,,1.9707,,In_A In_B Off_B OS1,In_A In_B Off_B,POINT (-119.561369 34.412155),0 days 00:02:00,0.8737478322150655,POINT (-119.561702 34.411251),16.903860854109098,-83.6378441465131,0
2020-06-22 12:40:00,45072,2020-21,A69-9006-7849,6/22/2020 12:40,3857.64,6459.95,2.426,34.412249,-119.561634,9,3.2,,,2.4255,,In_A In_B Off_A Off_B Off_C OS1,In_A In_B Off_A Off_B Off_C OS1,POINT (-119.561634 34.412249),0 days 00:01:00,0.4416794094329502,POINT (-119.561369 34.412155),293.266016707596,-34.06095654112289,0
2020-06-22 12:42:00,47180,2020-21,A69-9006-7849,6/22/2020 12:42,3792.15,6447.45,3.032,34.412137,-119.562346,5,3.0,,,3.0319,,In_A In_B Off_A Off_B OS1,In_A In_B Off_A Off_B OS1,POINT (-119.562346 34.412137),0 days 00:02:00,0.5552264960620014,POINT (-119.561634 34.412249),259.2050601664731,-64.39104686573485,0
2020-06-22 12:43:00,47182,2020-21,A69-9006-7849,6/22/2020 12:43,3779.82,6401.12,3.032,34.411719,-119.56248,5,2.8,,,3.0319,,In_A In_B Off_A Off_B OS1,In_A In_B Off_A Off_B OS1,POINT (-119.56248 34.411719),0 days 00:01:00,0.7996221108750106,POINT (-119.562346 34.412137),194.81401330073828,-174.92587898472496,0
2020-06-22 12:46:00,41238,2020-21,A69-9006-7849,6/22/2020 12:46,3834.9,6552.69,1.516,34.413085,-119.561881,1,5.3,,,1.5159,,In_A In_B Off_B OS1,In_A In_B Off_B,POINT (-119.561881 34.413085),0 days 00:03:00,0.8957040899356454,POINT (-119.56248 34.411719),19.88813431601335,-79.728885020984,0
2020-06-22 12:47:00,42601,2020-21,A69-9006-7849,6/22/2020 12:47,3805.99,6569.41,1.819,34.413236,-119.562196,5,3.8,,,1.8191,,In_A In_B Off_A Off_B OS1,In_A In_B Off_A Off_B OS1,POINT (-119.562196 34.413236),0 days 00:01:00,0.5575821516721075,POINT (-119.561881 34.413085),300.1592492950293,-12.250834248237883,0
2020-06-22 12:48:00,41939,2020-21,A69-9006-7849,6/22/2020 12:48,3724.22,6595.71,1.668,34.413473,-119.563085,3,4.9,,,1.6675,,In_A Off_A Off_B OS1,In_A Off_A Off_B OS1,POINT (-119.563085 34.413473),0 days 00:01:00,1.430908487488393,POINT (-119.562196 34.413236),287.90841504679145,-46.212853930979456,1
2020-06-22 12:49:00,44446,2020-21,A69-9006-7849,6/22/2020 12:49,3656.58,6559.44,2.274,34.413146,-119.563821,7,3.2,,,2.2739,,In_A In_B Off_A Off_B OS1,In_A In_B Off_A Off_B OS1,POINT (-119.563821 34.413146),0 days 00:01:00,1.2795660032929086,POINT (-119.563085 34.413473),241.69556111581198,-20.717656809970922,1
2020-06-22 12:50:00,46210,2020-21,A69-9006-7849,6/22/2020 12:50,3614.44,6511.15,2.729,34.412711,-119.564279,12,2.9,,,2.7287,,In_A In_B Off_A Off_B Off_C OS1,In_A In_B Off_A Off_B Off_C OS1,POINT (-119.564279 34.412711),0 days 00:01:00,1.0673753487090034,POINT (-119.563821 34.413146),220.97790430584107,79.42983387707258,1
2020-06-22 12:51:00,43866,2020-21,A69-9006-7849,6/22/2020 12:51,3553.49,6546.85,2.122,34.413032,-119.564942,4,3.3,,,2.1223,,In_A Off_A Off_B OS1,In_A Off_A Off_B OS1,POINT (-119.564942 34.413032),0 days 00:01:00,1.1765362440679046,POINT (-119.564279 34.412711),300.40773818291365,-2.3831491248801675,1
2020-06-22 12:53:00,36361,2020-21,A69-9006-7849,6/22/2020 12:53,3496.11,6577.22,0.606,34.413306,-119.565566,3,5.3,,,0.6063,,In_A Off_A Off_B OS1,In_A Off_A Off_B OS1,POINT (-119.565566 34.413306),0 days 00:02:00,0.541017114295373,POINT (-119.564942 34.413032),298.0245890580335,-175.78597379413853,1
2020-06-22 12:54:00,44447,2020-21,A69-9006-7849,6/22/2020 12:54,3557.3,6538.76,2.274,34.41296,-119.564901,7,3.2,,,2.2739,,In_A Off_A Off_B Off_C OS1,In_A Off_A Off_B Off_C OS1,POINT (-119.564901 34.41296),0 days 00:01:00,1.2031063897448613,POINT (-119.565566 34.413306),122.23861526389493,-5.100915355197469,1
2020-06-22 12:55:00,46211,2020-21,A69-9006-7849,6/22/2020 12:55,3637.67,6497.71,2.729,34.41259,-119.564026,4,3.2,,,2.7287,,In_A In_B Off_A Off_B,In_A In_B Off_A Off_B,POINT (-119.564026 34.41259),0 days 00:01:00,1.5051563899980007,POINT (-119.564901 34.41296),117.13769990869747,-74.26132554164194,1
2020-06-22 12:56:00,42602,2020-21,A69-9006-7849,6/22/2020 12:56,3665.78,6527.85,1.819,34.412861,-119.563721,1,3.8,,,1.8191,,In_A In_B Off_A,In_A In_B Off_A,POINT (-119.563721 34.412861),0 days 00:01:00,0.6851570756898077,POINT (-119.564026 34.41259),42.87637436705552,88.55577772188816,1
2020-06-22 12:57:00,47663,2020-21,A69-9006-7849,6/22/2020 12:57,3741.46,6461.25,3.184,34.412261,-119.562897,6,2.9,,,3.1835,,In_A In_B Off_A Off_B OS1,In_A In_B Off_A Off_B OS1,POINT (-119.562897 34.412261),0 days 00:01:00,1.6806733537875036,POINT (-119.563721 34.412861),131.43215208894367,6.661313765823594,1
2020-06-22 12:59:00,44448,2020-21,A69-9006-7849,6/22/2020 12:59,3791.56,6405.67,2.274,34.41176,-119.562352,3,3.2,,,2.2739,,In_A Off_A Off_B Off_C OS1,In_A Off_A Off_B Off_C OS1,POINT (-119.562352 34.41176),0 days 00:02:00,0.6235660547852089,POINT (-119.562897 34.412261),138.09346585476726,-50.83419354873719,1
2020-06-22 13:00:00,45073,2020-21,A69-9006-7849,6/22/2020 13:00,3863.72,6409.15,2.426,34.411791,-119.561567,4,3.2,,,2.4255,,In_A In_B Off_A Off_B OS1,In_A In_B Off_A Off_B,POINT (-119.561567 34.411791),0 days 00:01:00,1.2042021614194178,POINT (-119.562352 34.41176),87.25927230603008,64.29130581188667,1
2020-06-22 13:01:00,47183,2020-21,A69-9006-7849,6/22/2020 13:01,3902.28,6338.33,3.032,34.411153,-119.561148,3,3.0,,,3.0319,,In_B In_C Off_A Off_B OS1,In_B In_C Off_A Off_B OS1,POINT (-119.561148 34.411153),0 days 00:01:00,1.3429614462131785,POINT (-119.561567 34.411791),151.55057811791676,48.48650088450385,1
2020-06-22 13:02:00,48139,2020-21,A69-9006-7849,6/22/2020 13:02,3883.32,6286.63,3.335,34.410687,-119.561354,12,2.5,,,3.3351,,In_A In_B Off_A Off_B Off_C OS1,In_A In_B Off_A Off_B Off_C OS1,POINT (-119.561354 34.410687),0 days 00:01:00,0.9175583913345534,POINT (-119.561148 34.411153),200.0370790024206,124.74133396173046,1
2020-06-22 13:04:00,47664,2020-21,A69-9006-7849,6/22/2020 13:04,3827.14,6365.87,3.184,34.411401,-119.561965,7,2.8,,,3.1835,,In_A In_B In_C Off_A Off_B OS1,In_A In_B In_C Off_A Off_B,POINT (-119.561965 34.411401),0 days 00:02:00,0.8091812420592829,POINT (-119.561354 34.410687),324.7784129641511,104.27570029125599,1
2020-06-22 13:06:00,43265,2020-21,A69-9006-7849,6/22/2020 13:06,3916.21,6399.73,1.971,34.411707,-119.560996,1,5.6,,,1.9707,,In_B Off_A Off_B OS1,In_B Off_A Off_B,POINT (-119.560996 34.411707),0 days 00:02:00,0.7944553067472548,POINT (-119.561965 34.411401),69.05411325540706,65.17638252609734,1
2020-06-22 13:07:00,46700,2020-21,A69-9006-7849,6/22/2020 13:07,3992.4,6325.96,2.88,34.411042,-119.560168,7,3.0,,,2.8803,,In_B Off_A Off_B Off_C OS1,In_B Off_A Off_B Off_C OS1,POINT (-119.560168 34.411042),0 days 00:01:00,1.7667149666793134,POINT (-119.560996 34.411707),134.23049578150437,38.10655321795331,1
2020-06-22 13:09:00,47665,2020-21,A69-9006-7849,6/22/2020 13:09,4004.25,6238.22,3.184,34.410251,-119.560039,12,2.5,,,3.1835,,In_A In_B In_C Off_A Off_B Off_C OS1,In_A In_B Off_A Off_B Off_C OS1,POINT (-119.560039 34.410251),0 days 00:02:00,0.737861516092982,POINT (-119.560168 34.411042),172.3370489994577,127.78758993653946,1
2020-06-22 13:10:00,47666,2020-21,A69-9006-7849,6/22/2020 13:10,3924.33,6284.45,3.184,34.410667,-119.560908,3,2.8,,,3.1835,,In_B Off_A Off_B OS1,In_B Off_A Off_B OS1,POINT (-119.560908 34.410667),0 days 00:01:00,1.5377298441807257,POINT (-119.560039 34.410251),300.12463893599715,17.442071432787877,1
2020-06-22 13:11:00,47667,2020-21,A69-9006-7849,6/22/2020 13:11,3879.1,6333.65,3.184,34.411111,-119.5614,7,2.8,,,3.1835,,In_A In_B In_C Off_A Off_B OS1,In_A In_B In_C Off_A Off_B OS1,POINT (-119.5614 34.411111),0 days 00:01:00,1.114536981108939,POINT (-119.560908 34.410667),317.56671036878504,37.80664792295813,1
2020-06-22 13:12:00,46212,2020-21,A69-9006-7849,6/22/2020 13:12,3872.51,6415.05,2.729,34.411845,-119.561472,6,3.0,,,2.7287,,In_A In_B In_C Off_A Off_B OS1,In_A In_B In_C Off_A Off_B,POINT (-119.561472 34.411845),0 days 00:01:00,1.3615188795211333,POINT (-119.5614 34.411111),355.37335829174316,-38.80992137844628,1
2020-06-22 13:13:00,46213,2020-21,A69-9006-7849,6/22/2020 13:13,3816.82,6473.68,2.729,34.412373,-119.562078,9,3.1,,,2.7287,,In_A In_B Off_A Off_B Off_C OS1,In_A In_B Off_A Off_B Off_C OS1,POINT (-119.562078 34.412373),0 days 00:01:00,1.34727475229547,POINT (-119.561472 34.411845),316.56343691329687,-14.699329512163494,1
2020-06-22 13:14:00,45640,2020-21,A69-9006-7849,6/22/2020 13:14,3741.35,6520.37,2.577,34.412794,-119.562899,1,5.0,,,2.5771,,In_A In_B Off_B OS1,In_A In_B Off_B,POINT (-119.562899 34.412794),0 days 00:01:00,1.4793150804383608,POINT (-119.562078 34.412373),301.86410740113337,14.961553324236196,1
2020-06-22 13:15:00,44449,2020-21,A69-9006-7849,6/22/2020 13:15,3735.93,6526.05,2.274,34.412845,-119.562957,1,5.1,,,2.2739,,In_A In_B Off_B OS1,In_A In_B Off_B,POINT (-119.562957 34.412845),0 days 00:01:00,0.12957131168522815,POINT (-119.562899 34.412794),316.8256607253696,-9.912172140913974,0
2020-06-22 13:16:00,44450,2020-21,A69-9006-7849,6/22/2020 13:16,3703.37,6550.44,2.274,34.413065,-119.563312,6,3.3,,,2.2739,,In_A In_B Off_A Off_B OS1,In_A In_B Off_A Off_B OS1,POINT (-119.563312 34.413065),0 days 00:01:00,0.6792069767257682,POINT (-119.562957 34.412845),306.9134885844556,-109.60786787516513,0
2020-06-22 13:17:00,47184,2020-21,A69-9006-7849,6/22/2020 13:17,3682.23,6482.85,3.032,34.412456,-119.563542,9,2.8,,,3.0319,,In_A In_B In_C Off_A Off_B OS1,In_A In_B In_C Off_A Off_B OS1,POINT (-119.563542 34.412456),0 days 00:01:00,1.179803456964906,POINT (-119.563312 34.413065),197.30562070929045,113.9803195844454,1
2020-06-22 13:18:00,46214,2020-21,A69-9006-7849,6/22/2020 13:18,3647.16,6513.47,2.729,34.412732,-119.563923,4,3.3,,,2.7287,,In_A Off_A Off_B OS1,In_A Off_A Off_B OS1,POINT (-119.563923 34.412732),0 days 00:01:00,0.7753682477301945,POINT (-119.563542 34.412456),311.28594029373585,-14.838769760300742,1
2020-06-22 13:19:00,45074,2020-21,A69-9006-7849,6/22/2020 13:19,3585.11,6544.28,2.426,34.413009,-119.564598,1,3.6,,,2.4255,,In_A Off_A OS1,In_A Off_A OS1,POINT (-119.564598 34.413009),0 days 00:01:00,1.1541208626920232,POINT (-119.563923 34.412732),296.4471705334351,-78.38912851970078,1
2020-06-22 13:20:00,46701,2020-21,A69-9006-7849,6/22/2020 13:20,3545.8,6494.23,2.88,34.412558,-119.565026,7,2.9,,,2.8803,,In_A In_B Off_A Off_B OS1,In_A In_B Off_A Off_B OS1,POINT (-119.565026 34.412558),0 days 00:01:00,1.0608218073472688,POINT (-119.564598 34.413009),218.05804201373434,-56.75691804316151,1
2020-06-22 13:21:00,48609,2020-21,A69-9006-7849,6/22/2020 13:21,3564.83,6437.97,3.487,34.412051,-119.564818,4,2.9,,,3.4867,,In_A Off_A Off_B OS1,In_A Off_A Off_B OS1,POINT (-119.564818 34.412051),0 days 00:01:00,0.9900584601632663,POINT (-119.565026 34.412558),161.3011239705728,36.32401857810168,1
2020-06-22 13:22:00,47668,2020-21,A69-9006-7849,6/22/2020 13:22,3547.79,6384.43,3.184,34.411568,-119.565004,7,2.7,,,3.1835,,In_A In_B Off_A Off_B OS1,In_A In_B Off_A Off_B OS1,POINT (-119.565004 34.411568),0 days 00:01:00,0.9373631208020439,POINT (-119.564818 34.412051),197.6251425486745,-42.88991188910745,1
2020-06-22 13:23:00,48610,2020-21,A69-9006-7849,6/22/2020 13:23,3571.87,6333.57,3.487,34.41111,-119.564742,1,2.9,,,3.4867,,In_A Off_A OS1,In_A Off_A OS1,POINT (-119.564742 34.41111),0 days 00:01:00,0.937112082323919,POINT (-119.565004 34.411568),154.73523065956704,-58.16068391169834,1
2020-06-22 13:24:00,48611,2020-21,A69-9006-7849,6/22/2020 13:24,3659.86,6323.48,3.487,34.411019,-119.563785,8,2.7,,,3.4867,,In_A In_B In_C Off_A Off_B,In_A In_B In_C Off_A Off_B,POINT (-119.563785 34.411019),0 days 00:01:00,1.4760214571615597,POINT (-119.564742 34.41111),96.57454674786868,-48.29438426634159,1
2020-06-22 13:26:00,48140,2020-21,A69-9006-7849,6/22/2020 13:26,3742.6,6396.94,3.335,34.411681,-119.562885,6,2.7,,,3.3351,,In_A In_B Off_A Off_B OS1,In_A In_B Off_A Off_B OS1,POINT (-119.562885 34.411681),0 days 00:02:00,0.921926089800951,POINT (-119.563785 34.411019),48.2801624815271,-45.78635278048209,1
2020-06-22 13:27:00,47185,2020-21,A69-9006-7849,6/22/2020 13:27,3747.35,6506.2,3.032,34.412666,-119.562833,6,3.2,,,3.0319,,In_A In_B Off_A Off_B OS1,In_A In_B Off_A Off_B OS1,POINT (-119.562833 34.412666),0 days 00:01:00,1.8228406459401858,POINT (-119.562885 34.411681),2.493809701044995,9.216738753667991,1
2020-06-22 13:28:00,41940,2020-21,A69-9006-7849,6/22/2020 13:28,3761.15,6572.45,1.668,34.413263,-119.562683,5,3.6,,,1.6675,,In_A In_B Off_A Off_B OS1,In_A In_B Off_A Off_B OS1,POINT (-119.562683 34.413263),0 days 00:01:00,1.127428273623387,POINT (-119.562833 34.412666),11.710548454712978,122.19002881834048,1
2020-06-22 13:30:00,44451,2020-21,A69-9006-7849,6/22/2020 13:30,3830.78,6505.69,2.274,34.412662,-119.561926,5,3.4,,,2.2739,,In_A In_B Off_A Off_B OS1,In_A In_B Off_A Off_B OS1,POINT (-119.561926 34.412662),0 days 00:02:00,0.8031277876144298,POINT (-119.562683 34.413263),133.90057727305344,-11.228551024010423,1
2020-06-22 13:31:00,46215,2020-21,A69-9006-7849,6/22/2020 13:31,3893.98,6465.34,2.729,34.412298,-119.561238,4,3.5,,,2.7287,,In_A In_B Off_A Off_B OS1,In_A In_B Off_A Off_B,POINT (-119.561238 34.412298),0 days 00:01:00,1.2506908315414678,POINT (-119.561926 34.412662),122.67202624904303,27.753339030617447,1
2020-06-22 13:32:00,46702,2020-21,A69-9006-7849,6/22/2020 13:32,3925.81,6409.58,2.88,34.411795,-119.560892,7,3.0,,,2.8803,,In_A In_B In_C Off_A Off_B OS1,In_A In_B In_C Off_A Off_B OS1,POINT (-119.560892 34.411795),0 days 00:01:00,1.0704696616597886,POINT (-119.561238 34.412298),150.42536527966047,7.460511360753579,1
2020-06-22 13:33:00,47669,2020-21,A69-9006-7849,6/22/2020 13:33,3953.11,6342.61,3.184,34.411192,-119.560595,12,2.9,,,3.1835,,In_A In_B In_C Off_A Off_B Off_D,In_A In_B In_C Off_A Off_B Off_D,POINT (-119.560595 34.411192),0 days 00:01:00,1.2041528349101973,POINT (-119.560892 34.411795),157.88587664041404,61.11059724398606,1
2020-06-22 13:34:00,46216,2020-21,A69-9006-7849,6/22/2020 13:34,3923.94,6306.86,2.729,34.410869,-119.560912,6,2.7,,,2.7287,,In_A In_B Off_A Off_B OS1,In_A In_B Off_A Off_B OS1,POINT (-119.560912 34.410869),0 days 00:01:00,0.7697754826318981,POINT (-119.560595 34.411192),218.9964738844001,78.9642467577804,1
2020-06-22 13:36:00,48141,2020-21,A69-9006-7849,6/22/2020 13:36,3817.36,6363.16,3.335,34.411377,-119.562072,8,2.8,,,3.3351,,In_A In_B Off_A Off_B Off_C OS1,In_A In_B Off_A Off_B Off_C,POINT (-119.562072 34.411377),0 days 00:02:00,1.0051684699184973,POINT (-119.560912 34.410869),297.9607206421805,25.395685987037727,1
2020-06-22 13:37:00,48142,2020-21,A69-9006-7849,6/22/2020 13:37,3766.73,6430.88,3.335,34.411987,-119.562622,10,2.8,,,3.3351,,In_A In_B Off_A Off_B Off_C OS1,In_A In_B Off_A Off_B Off_C OS1,POINT (-119.562622 34.411987),0 days 00:01:00,1.4078835440956645,POINT (-119.562072 34.411377),323.3564066292182,-2.7531592134455534,1
2020-06-22 13:38:00,47187,2020-21,A69-9006-7849,6/22/2020 13:38,3705.04,6505.58,3.032,34.412661,-119.563293,4,3.4,,,3.0319,,In_A Off_A Off_B Off_C OS1,In_A Off_A Off_B Off_C OS1,POINT (-119.563293 34.412661),0 days 00:01:00,1.6155154169839672,POINT (-119.562622 34.411987),320.60324741577267,-3.309071290758766,1
2020-06-22 13:39:00,44452,2020-21,A69-9006-7849,6/22/2020 13:39,3661.79,6552.32,2.274,34.413082,-119.563764,3,3.8,,,2.2739,,In_A Off_A Off_B OS1,In_A Off_A Off_B OS1,POINT (-119.563764 34.413082),0 days 00:01:00,1.0614527246260763,POINT (-119.563293 34.412661),317.2941761250139,-7.670680804457846,1
2020-06-22 13:40:00,42603,2020-21,A69-9006-7849,6/22/2020 13:40,3607.59,6596.99,1.819,34.413485,-119.564354,1,4.5,,,1.8191,,In_A Off_A OS1,In_A Off_A OS1,POINT (-119.564354 34.413485),0 days 00:01:00,1.1714981458199358,POINT (-119.563764 34.413082),309.62349532055606,-13.207185913146875,1
2020-06-22 13:41:00,37280,2020-21,A69-9006-7849,6/22/2020 13:41,3543.85,6628.55,0.758,34.413769,-119.565047,4,8.4,,,0.7579,,In_A Off_A Off_B Off_C OS1,In_A Off_A Off_B Off_C OS1,POINT (-119.565047 34.413769),0 days 00:01:00,1.1845718316330027,POINT (-119.564354 34.413485),296.4163094074092,-102.36649557020567,1
2020-06-22 13:43:00,45075,2020-21,A69-9006-7849,6/22/2020 13:43,3513.79,6509.03,2.426,34.412691,-119.565374,7,3.0,,,2.4255,,In_A In_B Off_A Off_B OS1,In_A In_B Off_A Off_B OS1,POINT (-119.565374 34.412691),0 days 00:02:00,1.027528049632036,POINT (-119.565047 34.413769),194.0498138372035,-16.222852418348573,1
2020-06-22 13:44:00,47670,2020-21,A69-9006-7849,6/22/2020 13:44,3516.6,6434.23,3.184,34.412017,-119.565343,1,3.2,,,3.1835,,In_A Off_A OS1,In_A Off_A OS1,POINT (-119.565343 34.412017),0 days 00:01:00,1.2470170449896416,POINT (-119.565374 34.412691),177.82696141885492,-59.2423837135428,1
2020-06-22 13:45:00,47671,2020-21,A69-9006-7849,6/22/2020 13:45,3593.08,6392.67,3.184,34.411643,-119.564511,13,2.6,,,3.1835,,In_A In_C Off_A Off_B Off_C OS1,In_A In_C Off_A Off_B Off_C OS1,POINT (-119.564511 34.411643),0 days 00:01:00,1.450300845184594,POINT (-119.565343 34.412017),118.58457770531214,-25.42870834194963,1
2020-06-22 13:47:00,48612,2020-21,A69-9006-7849,6/22/2020 13:47,3704.23,6386.6,3.487,34.411588,-119.563302,11,2.6,,,3.4867,,In_A In_B In_C Off_A Off_B Off_C OS1,In_A In_B Off_A Off_B Off_C OS1,POINT (-119.563302 34.411588),0 days 00:02:00,0.9276575689264626,POINT (-119.564511 34.411643),93.15586936336251,-72.32471053836957,1
2020-06-22 13:48:00,47188,2020-21,A69-9006-7849,6/22/2020 13:48,3733.18,6462.41,3.032,34.412271,-119.562987,6,2.9,,,3.0319,,In_A In_B Off_A Off_B OS1,In_A In_B Off_A Off_B OS1,POINT (-119.562987 34.412271),0 days 00:01:00,1.351853553420814,POINT (-119.563302 34.411588),20.83115882499294,52.52536626280948,1
2020-06-22 13:49:00,46217,2020-21,A69-9006-7849,6/22/2020 13:49,3821.59,6488.67,2.729,34.412508,-119.562026,5,3.3,,,2.7287,,In_A In_B Off_A Off_B OS1,In_A In_B Off_A Off_B OS1,POINT (-119.562026 34.412508),0 days 00:01:00,1.5363182485377744,POINT (-119.562987 34.412271),73.35652508780242,19.951116371113752,1
2020-06-22 13:50:00,42604,2020-21,A69-9006-7849,6/22/2020 13:50,3890.98,6484.64,1.819,34.412472,-119.561271,4,3.6,,,1.8191,,In_A In_B Off_A Off_B OS1,In_A In_B Off_A Off_B,POINT (-119.561271 34.412472),0 days 00:01:00,1.1587723875098157,POINT (-119.562026 34.412508),93.30764145891618,12.39955148389577,1
2020-06-22 13:51:00,40483,2020-21,A69-9006-7849,6/22/2020 13:51,3965.07,6463.89,1.364,34.412285,-119.560465,2,5.9,,,1.3643,,In_B Off_A Off_B OS1,In_B Off_A Off_B OS1,POINT (-119.560465 34.412285),0 days 00:01:00,1.282486280540435,POINT (-119.561271 34.412472),105.70719294281196,30.995393475032134,1
2020-06-22 13:52:00,43867,2020-21,A69-9006-7849,6/22/2020 13:52,4007.17,6419.39,2.122,34.411884,-119.560007,10,3.3,,,2.1223,,In_A In_B In_C Off_B Off_C OS1,In_A In_B In_C Off_B Off_C OS1,POINT (-119.560007 34.411884),0 days 00:01:00,1.0208533829838364,POINT (-119.560465 34.412285),136.7025864178441,24.86340391044093,1
2020-06-22 13:53:00,44453,2020-21,A69-9006-7849,6/22/2020 13:53,4023.86,6369.65,2.274,34.411436,-119.559826,8,3.4,,,2.2739,,In_B In_C Off_A Off_B Off_C OS1 OS2,In_B Off_A Off_B Off_C OS1 OS2,POINT (-119.559826 34.411436),0 days 00:01:00,0.8734759745158361,POINT (-119.560007 34.411884),161.565990328285,29.000680277519116,1
2020-06-22 13:54:00,47672,2020-21,A69-9006-7849,6/22/2020 13:54,4008.33,6287.27,3.184,34.410693,-119.559994,11,2.6,,,3.1835,,In_A In_B In_C Off_A Off_B Off_C OS1,In_A In_B Off_A Off_B Off_C OS1,POINT (-119.559994 34.410693),0 days 00:01:00,1.39759337029383,POINT (-119.559826 34.411436),190.56667060580412,59.174716058303744,1
2020-06-22 13:56:00,49045,2020-21,A69-9006-7849,6/22/2020 13:56,3932.87,6259.52,3.638,34.410443,-119.560815,7,2.6,,,3.6383,,In_B Off_A Off_B Off_C OS1,In_B Off_A Off_B Off_C OS1,POINT (-119.560815 34.410443),0 days 00:02:00,0.6701201285911461,POINT (-119.559994 34.410693),249.7413866641079,79.59474841416005,1
2020-06-22 13:57:00,48143,2020-21,A69-9006-7849,6/22/2020 13:57,3881.23,6346.3,3.335,34.411225,-119.561377,9,3.5,,,3.3351,,In_B In_C Off_A Off_B Off_C OS1,In_B In_C Off_A Off_B Off_C OS1,POINT (-119.561377 34.411225),0 days 00:01:00,1.6828171892493213,POINT (-119.560815 34.410443),329.33613507826794,33.229455533871146,1
2020-06-22 13:59:00,46703,2020-21,A69-9006-7849,6/22/2020 13:59,3885.89,6450.47,2.88,34.412164,-119.561326,6,3.1,,,2.8803,,In_A In_B In_C Off_A Off_B OS1,In_A In_B In_C Off_A Off_B,POINT (-119.561326 34.412164),0 days 00:02:00,0.8689049968607578,POINT (-119.561377 34.411225),2.5655906121391467,33.52995530330263,1
2020-06-22 14:00:00,40484,2020-21,A69-9006-7849,6/22/2020 14:00,3929.92,6510.58,1.364,34.412706,-119.560847,6,3.5,,,1.3643,,In_A In_B In_C Off_A Off_B OS1,In_A In_B In_C Off_A Off_B,POINT (-119.560847 34.412706),0 days 00:01:00,1.2421058233561104,POINT (-119.561326 34.412164),36.09554591544179,99.69144266349485,1
2020-06-22 14:01:00,42605,2020-21,A69-9006-7849,6/22/2020 14:01,3995.84,6443.19,1.819,34.412098,-119.56013,8,3.2,,,1.8191,,In_A In_B In_C Off_A Off_B OS1,In_A In_B In_C Off_A Off_B OS1,POINT (-119.56013 34.412098),0 days 00:01:00,1.5718060302504826,POINT (-119.560847 34.412706),135.78698857893664,25.176475579926887,1
2020-06-22 14:02:00,43868,2020-21,A69-9006-7849,6/22/2020 14:02,4024.55,6360.36,2.122,34.411352,-119.559818,9,3.0,,,2.1223,,In_A In_B In_C Off_A Off_B Off_C OS1,In_A In_B Off_A Off_B Off_C OS1,POINT (-119.559818 34.411352),0 days 00:01:00,1.4597331103231244,POINT (-119.56013 34.412098),160.96346415886353,78.0199058513906,1
2020-06-22 14:03:00,47189,2020-21,A69-9006-7849,6/22/2020 14:03,3954.85,6318.65,3.032,34.410976,-119.560576,11,2.7,,,3.0319,,In_A In_B In_C Off_A Off_B Off_C OS1,In_A In_B Off_A Off_B Off_C OS1,POINT (-119.560576 34.410976),0 days 00:01:00,1.353613946607423,POINT (-119.559818 34.411352),238.98337001025413,110.46023783085334,1
2020-06-22 14:05:00,46704,2020-21,A69-9006-7849,6/22/2020 14:05,3938.52,6406.11,2.88,34.411764,-119.560754,6,3.1,,,2.8803,,In_A In_B In_C Off_A Off_B,In_A In_B In_C Off_A Off_B,POINT (-119.560754 34.411764),0 days 00:02:00,0.7410947647026037,POINT (-119.560576 34.410976),349.44360784110745,-8.49276129391326,1
2020-06-22 14:06:00,43869,2020-21,A69-9006-7849,6/22/2020 14:06,3912.75,6480.3,2.122,34.412433,-119.561034,1,4.5,,,2.1223,,In_A In_B Off_B OS1,In_A In_B Off_B,POINT (-119.561034 34.412433),0 days 00:01:00,1.3091653361651059,POINT (-119.560754 34.411764),340.9508465471942,-34.575654402073205,1
2020-06-22 14:07:00,40485,2020-21,A69-9006-7849,6/22/2020 14:07,3857.67,6520.72,1.364,34.412797,-119.561633,5,3.6,,,1.3643,,In_A In_B Off_A Off_B OS1,In_A In_B Off_A Off_B OS1,POINT (-119.561633 34.412797),0 days 00:01:00,1.1381111426542119,POINT (-119.561034 34.412433),306.375192145121,-25.632095456311784,1
2020-06-22 14:08:00,44454,2020-21,A69-9006-7849,6/22/2020 14:08,3773.13,6536.66,2.274,34.412941,-119.562553,5,3.4,,,2.2739,,In_A In_B Off_A Off_B OS1,In_A In_B Off_A Off_B OS1,POINT (-119.562553 34.412941),0 days 00:01:00,1.4345965307171586,POINT (-119.561633 34.412797),280.7430966888092,4.870472320136809,1
2020-06-22 14:09:00,46218,2020-21,A69-9006-7849,6/22/2020 14:09,3709.34,6554.49,2.729,34.413101,-119.563247,10,3.2,,,2.7287,,In_A In_B Off_A Off_B Off_C OS1,In_A In_B Off_A Off_B Off_C OS1,POINT (-119.563247 34.413101),0 days 00:01:00,1.1037626142663335,POINT (-119.562553 34.412941),285.613569008946,3.7884454168908,1
2020-06-22 14:10:00,43870,2020-21,A69-9006-7849,6/22/2020 14:10,3657.72,6572.58,2.122,34.413264,-119.563808,7,3.3,,,2.1223,,In_A In_B Off_A Off_B OS1,In_A In_B Off_A Off_B OS1,POINT (-119.563808 34.413264),0 days 00:01:00,0.9108884117511241,POINT (-119.563247 34.413101),289.4020144258368,-40.35498347173261,1
2020-06-22 14:11:00,46705,2020-21,A69-9006-7849,6/22/2020 14:11,3576.82,6541.74,2.88,34.412986,-119.564688,4,3.3,,,2.8803,,In_A Off_A Off_B OS1,In_A Off_A Off_B OS1,POINT (-119.564688 34.412986),0 days 00:01:00,1.44301931327136,POINT (-119.563808 34.413264),249.04703095410417,-10.746925652280263,1
2020-06-22 14:12:00,46219,2020-21,A69-9006-7849,6/22/2020 14:12,3518.95,6506.14,2.729,34.412665,-119.565318,4,3.2,,,2.7287,,In_A Off_A Off_B OS1,In_A Off_A Off_B OS1,POINT (-119.565318 34.412665),0 days 00:01:00,1.1331636127928442,POINT (-119.564688 34.412986),238.30010530182392,-44.208192031976154,1
2020-06-22 14:13:00,47673,2020-21,A69-9006-7849,6/22/2020 14:13,3499.96,6431.0,3.184,34.411988,-119.565524,6,3.0,,,3.1835,,In_A Off_A Off_B Off_C OS1,In_A Off_A Off_B Off_C OS1,POINT (-119.565524 34.411988),0 days 00:01:00,1.29084550424207,POINT (-119.565318 34.412665),194.09191326984777,-33.11329561559936,1
2020-06-22 14:14:00,49046,2020-21,A69-9006-7849,6/22/2020 14:14,3529.23,6346.57,3.638,34.411227,-119.565206,7,2.7,,,3.6383,,In_A In_B Off_A Off_B OS1,In_A In_B Off_A Off_B OS1,POINT (-119.565206 34.411227),0 days 00:01:00,1.488947332829198,POINT (-119.565524 34.411988),160.9786176542484,-24.35742428756408,1
2020-06-22 14:15:00,49047,2020-21,A69-9006-7849,6/22/2020 14:15,3582.82,6290.07,3.638,34.410718,-119.564623,1,3.2,,,3.6383,,In_A Off_A Off_B,In_A Off_A Off_B,POINT (-119.564623 34.410718),0 days 00:01:00,1.29754207351042,POINT (-119.565206 34.411227),136.62119336668434,-46.01757333735669,1
2020-06-22 14:16:00,48144,2020-21,A69-9006-7849,6/22/2020 14:16,3667.39,6289.25,3.335,34.41071,-119.563703,8,2.5,,,3.3351,,In_A In_B Off_A Off_B OS1,In_A In_B Off_A Off_B OS1,POINT (-119.563703 34.41071),0 days 00:01:00,1.4097902671313534,POINT (-119.564623 34.410718),90.60362002932766,-18.379038755309285,1
2020-06-22 14:17:00,48145,2020-21,A69-9006-7849,6/22/2020 14:17,3729.28,6308.93,3.335,34.410888,-119.56303,13,2.5,,,3.3351,,In_A In_B In_C Off_A Off_B Off_C OS1,In_A In_B Off_A Off_B Off_C OS1,POINT (-119.56303 34.410888),0 days 00:01:00,1.0824721104895363,POINT (-119.563703 34.41071),72.22458127401836,-0.9362315044095868,1
2020-06-22 14:18:00,49048,2020-21,A69-9006-7849,6/22/2020 14:18,3794.03,6330.78,3.638,34.411085,-119.562325,11,2.6,,,3.6383,,In_A In_B In_C Off_A Off_B Off_C OS1,In_A In_B Off_A Off_B Off_C OS1,POINT (-119.562325 34.411085),0 days 00:01:00,1.1400128816516422,POINT (-119.56303 34.410888),71.28834976960877,-29.399639728698666,1
2020-06-22 14:19:00,48146,2020-21,A69-9006-7849,6/22/2020 14:19,3839.95,6381.67,3.335,34.411544,-119.561826,6,2.9,,,3.3351,,In_A In_B In_C Off_A Off_B OS1,In_A In_B In_C Off_A Off_B,POINT (-119.561826 34.411544),0 days 00:01:00,1.1422668553516508,POINT (-119.562325 34.411085),41.8887100409101,41.535128930858725,1
2020-06-22 14:20:00,47674,2020-21,A69-9006-7849,6/22/2020 14:20,3905.7,6389.27,3.184,34.411612,-119.561111,8,4.2,,,3.1835,,In_B In_C Off_A Off_B Off_C OS1 OS2,In_B Off_A Off_B Off_C OS1 OS2,POINT (-119.561111 34.411612),0 days 00:01:00,1.102770423939268,POINT (-119.561826 34.411544),83.42383897176882,12.079917354544866,1
2020-06-22 14:21:00,44455,2020-21,A69-9006-7849,6/22/2020 14:21,4015.55,6378.68,2.274,34.411517,-119.559916,8,3.1,,,2.2739,,In_A In_B Off_A Off_B Off_C Off_D OS1,In_A In_B Off_A Off_B Off_D OS1,POINT (-119.559916 34.411517),0 days 00:01:00,1.839480108295464,POINT (-119.561111 34.411612),95.50375632631369,46.365658903596575,1
2020-06-22 14:24:00,49049,2020-21,A69-9006-7849,6/22/2020 14:24,4136.2,6225.59,3.638,34.410137,-119.558603,9,2.7,,,3.6383,,In_A In_B In_C Off_B Off_C OS1,In_A In_B In_C Off_B Off_C OS1,POINT (-119.558603 34.410137),0 days 00:03:00,1.0830677748053938,POINT (-119.559916 34.411517),141.86941522991026,-4.190511371248468,1
2020-06-22 14:25:00,48147,2020-21,A69-9006-7849,6/22/2020 14:25,4185.12,6172.16,3.335,34.409655,-119.558071,13,3.0,,,3.3351,,In_B In_C Off_A Off_B Off_C Off_D OS1 OS2,In_B Off_A Off_B Off_D OS1 OS2,POINT (-119.558071 34.409655),0 days 00:01:00,1.2077490408963492,POINT (-119.558603 34.410137),137.67890385866178,-28.01409266342041,1
2020-06-22 14:26:00,49475,2020-21,A69-9006-7849,6/22/2020 14:26,4275.86,6139.84,3.79,34.409364,-119.557084,15,2.8,,,3.7899,,In_B In_C Off_A Off_B Off_C Off_D OS1 OS2,In_B Off_B Off_C Off_D OS1 OS2,POINT (-119.557084 34.409364),0 days 00:01:00,1.6052422359231804,POINT (-119.558071 34.409655),109.66481119524138,24.30516921866677,1
2020-06-22 14:27:00,50278,2020-21,A69-9006-7849,6/22/2020 14:27,4333.97,6084.08,4.093,34.408861,-119.556452,11,2.7,,,4.0931,,In_B In_C Off_A Off_B Off_C Off_D,In_B In_C Off_A Off_B Off_C Off_D,POINT (-119.556452 34.408861),0 days 00:01:00,1.342640887995063,POINT (-119.557084 34.409364),133.96998041390816,1.84783680985556,1
2020-06-22 14:28:00,49849,2020-21,A69-9006-7849,6/22/2020 14:28,4402.79,6013.64,3.942,34.408226,-119.555704,13,2.7,,,3.9415,,In_B In_C Off_A Off_B Off_C Off_D OS2,In_B In_C Off_B Off_C Off_D OS2,POINT (-119.555704 34.408226),0 days 00:01:00,1.6407429895559136,POINT (-119.556452 34.408861),135.8178172237637,-13.467674637126084,1
2020-06-22 14:29:00,49050,2020-21,A69-9006-7849,6/22/2020 14:29,4474.03,5968.69,3.638,34.407821,-119.554929,9,2.9,,,3.6383,,In_B In_C In_D Off_C Off_D OS2,In_B In_C In_D Off_C Off_D OS2,POINT (-119.554929 34.407821),0 days 00:01:00,1.4039168745092867,POINT (-119.555704 34.408226),122.35014258663762,1.544799602968055,1
2020-06-22 14:30:00,49051,2020-21,A69-9006-7849,6/22/2020 14:30,4563.72,5908.68,3.638,34.40728,-119.553953,7,2.9,,,3.6383,,In_B In_C Off_C Off_D OS2,In_B In_C Off_C Off_D OS2,POINT (-119.553953 34.40728),0 days 00:01:00,1.7992181159779586,POINT (-119.554929 34.407821),123.89494218960567,-10.298717043824874,1
2020-06-22 14:33:00,44456,2020-21,A69-9006-7849,6/22/2020 14:33,4684.95,5855.89,2.274,34.406805,-119.552635,9,3.2,,,2.2739,,In_B In_C In_D Off_B Off_C OS2,In_B In_C In_D Off_B Off_C OS2,POINT (-119.552635 34.406805),0 days 00:03:00,0.7341079548451477,POINT (-119.553953 34.40728),113.5962251457808,23.913179151634893,1
2020-06-22 14:34:00,45076,2020-21,A69-9006-7849,6/22/2020 14:34,4738.61,5797.61,2.426,34.406279,-119.552051,12,3.7,,,2.4255,,In_B In_C In_D Off_B Off_C Off_D OS2,In_B In_C Off_B Off_C Off_D OS2,POINT (-119.552051 34.406279),0 days 00:01:00,1.32158287592688,POINT (-119.552635 34.406805),137.5094042974157,39.16452137897535,1
2020-06-22 14:35:00,49850,2020-21,A69-9006-7849,6/22/2020 14:35,4744.25,5701.49,3.942,34.405413,-119.55199,11,3.7,,,3.9415,,In_B In_C In_D Off_B Off_C Off_D OS2,In_B In_C Off_B Off_C Off_D OS2,POINT (-119.55199 34.405413),0 days 00:01:00,1.6038122283476883,POINT (-119.552051 34.406279),176.67392567639104,32.6166039500451,1
2020-06-22 14:36:00,50279,2020-21,A69-9006-7849,6/22/2020 14:36,4720.56,5659.55,4.093,34.405035,-119.552247,8,2.9,,,4.0931,,In_B In_C In_D In_E Off_C Off_D OS2,In_B In_C In_E Off_C Off_D OS2,POINT (-119.552247 34.405035),0 days 00:01:00,0.8021847238024774,POINT (-119.55199 34.405413),209.29052962643613,139.25565471589448,1
2020-06-22 14:38:00,49851,2020-21,A69-9006-7849,6/22/2020 14:38,4700.14,5759.84,3.942,34.405939,-119.552469,8,3.4,,,3.9415,,In_C Off_B Off_C Off_D OS2,In_C Off_B Off_C Off_D OS2,POINT (-119.552469 34.405939),0 days 00:02:00,0.8528058937764033,POINT (-119.552247 34.405035),348.5461843423306,10.73214928486528,1
2020-06-22 14:39:00,45077,2020-21,A69-9006-7849,6/22/2020 14:39,4698.92,5861.63,2.426,34.406856,-119.552483,8,3.6,,,2.4255,,In_C Off_A Off_B Off_C Off_D OS2,In_C Off_A Off_B Off_C Off_D OS2,POINT (-119.552483 34.406856),0 days 00:01:00,1.6955120393425531,POINT (-119.552469 34.405939),359.2783336271959,10.643508223069631,1
2020-06-22 14:41:00,41941,2020-21,A69-9006-7849,6/22/2020 14:41,4704.42,5893.03,1.668,34.407139,-119.552423,13,3.5,,,1.6675,,In_B In_C In_D Off_B Off_C Off_D OS2,In_B In_C Off_B Off_C Off_D OS2,POINT (-119.552423 34.407139),0 days 00:02:00,0.265617726292569,POINT (-119.552483 34.406856),9.921841850265537,-81.91436698245411,0
2020-06-22 14:42:00,42606,2020-21,A69-9006-7849,6/22/2020 14:42,4639.96,5913.89,1.819,34.407327,-119.553124,15,3.3,,,1.8191,,In_B In_C Off_B Off_C Off_D OS1 OS2,In_B Off_B Off_C Off_D OS1 OS2,POINT (-119.553124 34.407327),0 days 00:01:00,1.1290188826222276,POINT (-119.552423 34.407139),288.0074748678114,16.48494802201093,1
2020-06-22 14:43:00,46220,2020-21,A69-9006-7849,6/22/2020 14:43,4579.48,5955.22,2.729,34.4077,-119.553782,6,3.5,,,2.7287,,In_B In_C Off_C Off_D OS2,In_B In_C Off_C Off_D OS2,POINT (-119.553782 34.4077),0 days 00:01:00,1.2215621937127317,POINT (-119.553124 34.407327),304.49242288982236,2.4510702748712014,1
2020-06-22 14:44:00,47190,2020-21,A69-9006-7849,6/22/2020 14:44,4506.59,6009.77,3.032,34.408192,-119.554575,4,4.0,,,3.0319,,In_B In_C Off_B Off_D OS2,In_B Off_B Off_D OS2,POINT (-119.554575 34.408192),0 days 00:01:00,1.5178959844354993,POINT (-119.553782 34.4077),306.94349316469356,6.991655094501432,1
2020-06-22 14:45:00,47191,2020-21,A69-9006-7849,6/22/2020 14:45,4452.34,6061.86,3.032,34.408661,-119.555165,12,2.9,,,3.0319,,In_B In_C Off_B Off_C Off_D OS2,In_B In_C Off_B Off_C Off_D OS2,POINT (-119.555165 34.408661),0 days 00:01:00,1.252686755984891,POINT (-119.554575 34.408192),313.935148259195,-14.125123313245696,1
2020-06-22 14:46:00,49052,2020-21,A69-9006-7849,6/22/2020 14:46,4374.93,6106.02,3.638,34.409059,-119.556007,13,2.8,,,3.6383,,In_B In_C Off_B Off_C Off_D OS2,In_B In_C Off_B Off_C Off_D OS2,POINT (-119.556007 34.409059),0 days 00:01:00,1.485302991685032,POINT (-119.555165 34.408661),299.8100249459493,-5.517158306691393,1
2020-06-22 14:47:00,50280,2020-21,A69-9006-7849,6/22/2020 14:47,4308.99,6135.61,4.093,34.409326,-119.556724,9,2.8,,,4.0931,,In_B In_C Off_A Off_B Off_C OS2,In_B In_C Off_A Off_B Off_C OS2,POINT (-119.556724 34.409326),0 days 00:01:00,1.2044782786123145,POINT (-119.556007 34.409059),294.2928666392579,34.615604162114785,1
2020-06-22 14:48:00,49053,2020-21,A69-9006-7849,6/22/2020 14:48,4264.07,6209.85,3.638,34.409995,-119.557213,9,3.3,,,3.6383,,In_B In_C Off_A Off_C Off_D OS1,In_B In_C Off_A Off_C Off_D OS1,POINT (-119.557213 34.409995),0 days 00:01:00,1.4461309811238732,POINT (-119.556724 34.409326),328.9084708013727,-11.022260312015831,1
2020-06-22 14:50:00,45641,2020-21,A69-9006-7849,6/22/2020 14:50,4190.42,6290.92,2.577,34.410726,-119.558014,7,3.5,,,2.5771,,In_B In_C Off_B Off_C OS1 OS2,In_C Off_B Off_C OS1 OS2,POINT (-119.558014 34.410726),0 days 00:02:00,0.912823502990795,POINT (-119.557213 34.409995),317.88621048935687,-29.81849872589674,1
2020-06-22 14:51:00,47675,2020-21,A69-9006-7849,6/22/2020 14:51,4081.07,6326.43,3.184,34.411046,-119.559203,3,3.6,,,3.1835,,In_B Off_B Off_C OS1,In_B Off_B Off_C OS1,POINT (-119.559203 34.411046),0 days 00:01:00,1.915549147745043,POINT (-119.558014 34.410726),288.0677117634601,1.6033239730531863,1
2020-06-22 14:52:00,47676,2020-21,A69-9006-7849,6/22/2020 14:52,3979.75,6362.48,3.184,34.411371,-119.560305,9,3.0,,,3.1835,,In_A In_B In_C Off_B Off_C OS1 OS2,In_A In_B Off_B Off_C OS1 OS2,POINT (-119.560305 34.411371),0 days 00:01:00,1.7923028229624203,POINT (-119.559203 34.411046),289.6710357365133,-37.51263617225604,1
2020-06-22 14:55:00,49852,2020-21,A69-9006-7849,6/22/2020 14:55,3809.77,6308.04,3.942,34.41088,-119.562154,12,2.6,,,3.9415,,In_A In_B Off_A Off_B Off_C OS1,In_A In_B Off_A Off_B Off_C OS1,POINT (-119.562154 34.41088),0 days 00:03:00,0.9916927910204001,POINT (-119.560305 34.411371),252.15839956425728,61.35414018557634,1
2020-06-22 14:56:00,49853,2020-21,A69-9006-7849,6/22/2020 14:56,3746.12,6368.14,3.942,34.411422,-119.562846,5,3.8,,,3.9415,,In_B Off_A Off_B Off_C OS1,In_B Off_A Off_B Off_C OS1,POINT (-119.562846 34.411422),0 days 00:01:00,1.4589260178900474,POINT (-119.562154 34.41088),313.5125397498336,-64.04487558399182,1
2020-06-22 14:57:00,49476,2020-21,A69-9006-7849,6/22/2020 14:57,3697.09,6349.85,3.79,34.411257,-119.56338,6,2.6,,,3.7899,,In_A In_B Off_A Off_B OS1,In_A In_B Off_A Off_B OS1,POINT (-119.56338 34.411257),0 days 00:01:00,0.873256433676047,POINT (-119.562846 34.411422),249.46766416584177,-2.5235072128708307,1
2020-06-22 14:58:00,49477,2020-21,A69-9006-7849,6/22/2020 14:58,3648.93,6329.49,3.79,34.411073,-119.563904,7,2.5,,,3.7899,,In_A In_B Off_A Off_B OS1,In_A In_B Off_A Off_B OS1,POINT (-119.563904 34.411073),0 days 00:01:00,0.8720118308624769,POINT (-119.56338 34.411257),246.94415695297093,53.973586466867395,1
2020-06-22 14:59:00,49854,2020-21,A69-9006-7849,6/22/2020 14:59,3594.41,6362.0,3.942,34.411366,-119.564497,7,2.6,,,3.9415,,In_A In_B Off_A Off_B OS1,In_A In_B Off_A Off_B OS1,POINT (-119.564497 34.411366),0 days 00:01:00,1.0578681160923264,POINT (-119.563904 34.411073),300.9177434198383,-45.50570238929368,1
2020-06-22 15:00:00,49855,2020-21,A69-9006-7849,6/22/2020 15:00,3533.19,6346.17,3.942,34.411223,-119.565163,1,3.8,,,3.9415,,In_A Off_A Off_B,In_A Off_A Off_B,POINT (-119.565163 34.411223),0 days 00:01:00,1.054193193411086,POINT (-119.564497 34.411366),255.41204103054463,59.01567196016752,1
2020-06-22 15:01:00,49054,2020-21,A69-9006-7849,6/22/2020 15:01,3486.57,6391.62,3.638,34.411633,-119.56567,4,3.1,,,3.6383,,In_A Off_A Off_B OS1,In_A Off_A Off_B OS1,POINT (-119.56567 34.411633),0 days 00:01:00,1.0854116977039228,POINT (-119.565163 34.411223),314.42771299071217,-24.39330826394348,1
2020-06-22 15:03:00,46706,2020-21,A69-9006-7849,6/22/2020 15:03,3330.98,6448.16,2.88,34.412142,-119.567362,1,6.3,,,2.8803,,In_A Off_A OS1,In_A Off_A OS1,POINT (-119.567362 34.412142),0 days 00:02:00,1.3790582984200574,POINT (-119.56567 34.411633),290.0344047267687,-15.576317379068648,1
2020-06-22 15:04:00,43871,2020-21,A69-9006-7849,6/22/2020 15:04,3270.93,6452.78,2.122,34.412184,-119.568015,1,16.1,,,2.1223,,In_A Off_A Off_B,In_A Off_A Off_B,POINT (-119.568015 34.412184),0 days 00:01:00,1.003580870703941,POINT (-119.567362 34.412142),274.45808734770003,-91.64975221892983,1
2020-06-22 15:05:00,47192,2020-21,A69-9006-7849,6/22/2020 15:05,3267.89,6391.23,3.032,34.411629,-119.568048,3,7.3,,,3.0319,,In_A Off_A Off_B OS1,In_A Off_A Off_B OS1,POINT (-119.568048 34.411629),0 days 00:01:00,1.0273462299266864,POINT (-119.568015 34.412184),182.8083351287702,-26.118815069377693,1
2020-06-22 15:06:00,50664,2020-21,A69-9006-7849,6/22/2020 15:06,3294.81,6328.95,4.245,34.411068,-119.567755,3,6.3,,,4.2447,,In_A Off_A Off_B OS1,In_A Off_A Off_B OS1,POINT (-119.567755 34.411068),0 days 00:01:00,1.1301928796218847,POINT (-119.568048 34.411629),156.68952005939252,-5.238410503559287,1
2020-06-22 15:07:00,51043,2020-21,A69-9006-7849,6/22/2020 15:07,3328.49,6267.46,4.396,34.410513,-119.567389,2,5.7,,,4.3963,,In_A Off_A Off_B OS1,In_A Off_A Off_B OS1,POINT (-119.567389 34.410513),0 days 00:01:00,1.1693596973955331,POINT (-119.567755 34.411068),151.45110955583323,-20.136468207883595,1
2020-06-22 15:08:00,50665,2020-21,A69-9006-7849,6/22/2020 15:08,3396.0,6208.25,4.245,34.40998,-119.566654,2,4.8,,,4.2447,,In_A Off_A Off_B OS1,In_A Off_A Off_B OS1,POINT (-119.566654 34.40998),0 days 00:01:00,1.4964929928346793,POINT (-119.567389 34.410513),131.31464134794965,-17.205563418970154,1
2020-06-22 15:09:00,50281,2020-21,A69-9006-7849,6/22/2020 15:09,3457.5,6180.87,4.093,34.409733,-119.565985,2,4.0,,,4.0931,,In_A Off_A Off_B Off_C OS1,In_A Off_A Off_B OS1,POINT (-119.565985 34.409733),0 days 00:01:00,1.122231553160014,POINT (-119.566654 34.40998),114.1090779289795,-33.957027811787626,1
2020-06-22 15:10:00,50666,2020-21,A69-9006-7849,6/22/2020 15:10,3531.33,6193.59,4.245,34.409848,-119.565182,12,2.8,,,4.2447,,In_A In_B Off_A Off_B Off_C OS1,In_A In_B Off_A Off_B Off_C OS1,POINT (-119.565182 34.409848),0 days 00:01:00,1.2486818827138761,POINT (-119.565985 34.409733),80.15205011719189,-22.953120404130406,1
2020-06-22 15:11:00,49478,2020-21,A69-9006-7849,6/22/2020 15:11,3614.08,6246.6,3.79,34.410326,-119.564283,6,3.2,,,3.7899,,In_B Off_A Off_B Off_C OS1,In_B Off_A Off_B Off_C OS1,POINT (-119.564283 34.410326),0 days 00:01:00,1.6366512739157073,POINT (-119.565182 34.409848),57.19892971306149,-11.875810863452045,1
2020-06-22 15:12:00,50282,2020-21,A69-9006-7849,6/22/2020 15:12,3675.9,6307.51,4.093,34.410875,-119.56361,12,2.5,,,4.0931,,In_A In_B Off_A Off_B Off_C OS1,In_A In_B Off_A Off_B Off_C OS1,POINT (-119.56361 34.410875),0 days 00:01:00,1.4469590469358797,POINT (-119.564283 34.410326),45.32311884960944,-8.010339033261175,1
2020-06-22 15:14:00,49856,2020-21,A69-9006-7849,6/22/2020 15:14,3746.14,6399.25,3.942,34.411702,-119.562846,9,2.7,,,3.9415,,In_A In_B In_C Off_A Off_B OS1,In_A In_B In_C Off_A Off_B OS1,POINT (-119.562846 34.411702),0 days 00:02:00,0.9628406744067137,POINT (-119.56361 34.410875),37.31277981634827,-11.257913461661536,1
2020-06-22 15:15:00,46221,2020-21,A69-9006-7849,6/22/2020 15:15,3792.02,6492.62,2.729,34.412544,-119.562347,3,4.3,,,2.7287,,In_A In_B Off_B Off_C,In_A In_B Off_B Off_C,POINT (-119.562347 34.412544),0 days 00:01:00,1.7343532738961194,POINT (-119.562846 34.411702),26.054866354686737,40.97489826175479,1
2020-06-22 15:16:00,44457,2020-21,A69-9006-7849,6/22/2020 15:16,3863.27,6522.71,2.274,34.412815,-119.561572,5,3.7,,,2.2739,,In_A In_B Off_A Off_B OS1,In_A In_B Off_A Off_B OS1,POINT (-119.561572 34.412815),0 days 00:01:00,1.288873575968867,POINT (-119.562347 34.412544),67.02976461644153,47.49087295662081,1
2020-06-22 15:18:00,45078,2020-21,A69-9006-7849,6/22/2020 15:18,3949.51,6483.47,2.426,34.412462,-119.560634,6,5.8,,,2.4255,,In_B Off_A Off_B Off_C OS1,In_B Off_A Off_B Off_C OS1,POINT (-119.560634 34.412462),0 days 00:02:00,0.7892488456443864,POINT (-119.561572 34.412815),114.52063757306234,18.42279056721184,1
2020-06-22 15:19:00,44458,2020-21,A69-9006-7849,6/22/2020 15:19,4008.92,6428.47,2.274,34.411966,-119.559988,1,7.0,,,2.2739,,In_B In_C Off_A Off_B,In_B Off_A Off_B,POINT (-119.559988 34.411966),0 days 00:01:00,1.3493408033991383,POINT (-119.560634 34.412462),132.9434281402742,24.334204287394126,1
2020-06-22 15:20:00,47677,2020-21,A69-9006-7849,6/22/2020 15:20,4045.81,6340.9,3.184,34.411176,-119.559587,10,3.1,,,3.1835,,In_B In_C Off_A Off_B Off_C OS1,In_B In_C Off_A Off_B Off_C OS1,POINT (-119.559587 34.411176),0 days 00:01:00,1.5845583378549606,POINT (-119.559988 34.411966),157.27763242766832,-37.69526921799974,1
2020-06-22 15:21:00,49479,2020-21,A69-9006-7849,6/22/2020 15:21,4108.2,6305.6,3.79,34.410858,-119.558908,6,3.2,,,3.7899,,In_B In_C Off_B Off_C OS1,In_B In_C Off_B Off_C OS1,POINT (-119.558908 34.410858),0 days 00:01:00,1.1950500714056131,POINT (-119.559587 34.411176),119.58236320966859,-11.39735521133435,1
2020-06-22 15:22:00,48613,2020-21,A69-9006-7849,6/22/2020 15:22,4161.78,6288.08,3.487,34.4107,-119.558325,2,12.5,,,3.4867,,In_A Off_A Off_B OS1,In_A Off_A Off_B OS1,POINT (-119.558325 34.4107),0 days 00:01:00,0.9398757353828795,POINT (-119.558908 34.410858),108.18500799833424,38.77821479939094,1
2020-06-22 15:24:00,49480,2020-21,A69-9006-7849,6/22/2020 15:24,4214.83,6206.87,3.79,34.409968,-119.557748,6,3.8,,,3.7899,,In_A In_B In_C Off_A Off_B Off_C Off_D OS1 OS2,In_A In_B Off_B Off_D OS1 OS2,POINT (-119.557748 34.409968),0 days 00:02:00,0.8082761320213064,POINT (-119.558325 34.4107),146.96322279772517,-81.51126032099575,1
2020-06-22 15:25:00,42607,2020-21,A69-9006-7849,6/22/2020 15:25,4297.35,6244.29,1.819,34.410306,-119.556851,3,4.6,,,1.8191,,In_B In_C Off_B Off_C,In_B In_C Off_B Off_C,POINT (-119.556851 34.410306),0 days 00:01:00,1.5098672581648904,POINT (-119.557748 34.409968),65.45196247672942,-114.7917627525732,1
2020-06-22 15:26:00,42608,2020-21,A69-9006-7849,6/22/2020 15:26,4216.28,6313.67,1.819,34.410931,-119.557733,8,3.9,,,1.8191,,In_B In_C Off_A Off_B Off_C OS1,In_B In_C Off_A Off_B Off_C OS1,POINT (-119.557733 34.410931),0 days 00:01:00,1.7781285518627523,POINT (-119.556851 34.410306),310.6601997241562,-18.742998839639643,1
2020-06-22 15:27:00,45079,2020-21,A69-9006-7849,6/22/2020 15:27,4128.71,6348.7,2.426,34.411247,-119.558685,5,4.2,,,2.4255,,In_B Off_A Off_B Off_C OS1,In_B Off_A Off_B Off_C OS1,POINT (-119.558685 34.411247),0 days 00:01:00,1.5713836563830297,POINT (-119.557733 34.410931),291.91720088451655,6.209196455998259,1
2020-06-22 15:29:00,45642,2020-21,A69-9006-7849,6/22/2020 15:29,4054.69,6388.11,2.577,34.411602,-119.55949,5,3.4,,,2.5771,,In_A In_B Off_A Off_B OS1,In_A In_B Off_A Off_B OS1,POINT (-119.55949 34.411602),0 days 00:02:00,0.6986180151883836,POINT (-119.558685 34.411247),298.1263973405148,-38.09377320706694,1
2020-06-22 15:30:00,48148,2020-21,A69-9006-7849,6/22/2020 15:30,3968.48,6373.09,3.335,34.411466,-119.560428,9,3.0,,,3.3351,,In_A In_B Off_A Off_B Off_C Off_D OS1,In_A In_B Off_A Off_B Off_D OS1,POINT (-119.560428 34.411466),0 days 00:01:00,1.4591080574293487,POINT (-119.55949 34.411602),260.0326241334479,17.012766907810438,1
2020-06-22 15:31:00,49481,2020-21,A69-9006-7849,6/22/2020 15:31,3879.21,6384.02,3.79,34.411565,-119.561399,4,3.1,,,3.7899,,In_A In_B Off_A Off_B OS1,In_A In_B Off_A Off_B,POINT (-119.561399 34.411565),0 days 00:01:00,1.4990617287088146,POINT (-119.560428 34.411466),277.0453910412583,14.123963144569807,1
2020-06-22 15:32:00,49858,2020-21,A69-9006-7849,6/22/2020 15:32,3779.61,6422.46,3.942,34.411911,-119.562482,2,3.4,,,3.9415,,In_A Off_A Off_B OS1,In_A Off_A Off_B OS1,POINT (-119.562482 34.411911),0 days 00:01:00,1.7784844704433866,POINT (-119.561399 34.411565),291.1693541858281,32.4530025950067,1
2020-06-22 15:33:00,49055,2020-21,A69-9006-7849,6/22/2020 15:33,3741.27,6474.22,3.638,34.412378,-119.562899,6,3.0,,,3.6383,,In_A In_B Off_A Off_B OS1,In_A In_B Off_A Off_B OS1,POINT (-119.562899 34.412378),0 days 00:01:00,1.074119257339865,POINT (-119.562482 34.411911),323.6223567808348,-4.850748048679061,1
2020-06-22 15:34:00,49056,2020-21,A69-9006-7849,6/22/2020 15:34,3698.97,6522.42,3.638,34.412812,-119.56336,6,3.1,,,3.6383,,In_A In_B Off_A Off_B OS1,In_A In_B Off_A Off_B OS1,POINT (-119.56336 34.412812),0 days 00:01:00,1.0690166220904878,POINT (-119.562899 34.412378),318.77160873215576,-35.77511760348625,1
2020-06-22 15:35:00,47678,2020-21,A69-9006-7849,6/22/2020 15:35,3635.67,6536.95,3.184,34.412943,-119.564048,10,3.0,,,3.1835,,In_A In_B In_C Off_A Off_B OS1,In_A In_B In_C Off_A Off_B OS1,POINT (-119.564048 34.412943),0 days 00:01:00,1.0816569349747691,POINT (-119.56336 34.412812),282.9964911286695,-33.450104205161715,1
2020-06-22 15:36:00,47193,2020-21,A69-9006-7849,6/22/2020 15:36,3568.76,6512.09,3.032,34.412719,-119.564776,7,2.9,,,3.0319,,In_A In_B Off_A Off_B OS1,In_A In_B Off_A Off_B OS1,POINT (-119.564776 34.412719),0 days 00:01:00,1.1898799210022295,POINT (-119.564048 34.412943),249.54638692350778,10.26454391857396,1
2020-06-22 15:37:00,48149,2020-21,A69-9006-7849,6/22/2020 15:37,3491.28,6498.18,3.335,34.412594,-119.565619,4,3.3,,,3.3351,,In_A Off_A Off_B OS1,In_A Off_A Off_B OS1,POINT (-119.565619 34.412594),0 days 00:01:00,1.312207126838981,POINT (-119.564776 34.412719),259.81093084208175,-28.217527780593425,1
2020-06-22 15:38:00,48614,2020-21,A69-9006-7849,6/22/2020 15:38,3418.41,6440.8,3.487,34.412076,-119.566411,7,3.5,,,3.4867,,In_A In_B Off_A Off_B OS1,In_A In_B Off_A Off_B OS1,POINT (-119.566411 34.412076),0 days 00:01:00,1.545928567626234,POINT (-119.565619 34.412594),231.59340306148832,-33.90487072075445,1
2020-06-22 15:39:00,48615,2020-21,A69-9006-7849,6/22/2020 15:39,3398.87,6379.69,3.487,34.411525,-119.566624,2,3.9,,,3.4867,,In_A In_B Off_A OS1,In_A In_B Off_A OS1,POINT (-119.566624 34.411525),0 days 00:01:00,1.069711170927221,POINT (-119.566411 34.412076),197.68853234073387,-76.11102497224812,1
2020-06-22 15:41:00,49482,2020-21,A69-9006-7849,6/22/2020 15:41,3554.03,6284.68,3.79,34.410669,-119.564936,12,2.6,,,3.7899,,In_A In_B Off_A Off_B Off_C OS1,In_A In_B Off_A Off_B Off_C OS1,POINT (-119.564936 34.410669),0 days 00:02:00,1.5161320068523467,POINT (-119.566624 34.411525),121.57750736848578,-54.15742937601329,1
2020-06-22 15:42:00,49859,2020-21,A69-9006-7849,6/22/2020 15:42,3638.97,6319.78,3.942,34.410986,-119.564012,7,2.7,,,3.9415,,In_A In_B Off_A Off_B Off_C,In_A In_B Off_A Off_B Off_C,POINT (-119.564012 34.410986),0 days 00:01:00,1.5323484148241882,POINT (-119.564936 34.410669),67.4200779924725,-26.13919954466802,1
2020-06-22 15:43:00,49483,2020-21,A69-9006-7849,6/22/2020 15:43,3683.21,6369.94,3.79,34.411438,-119.563531,12,2.6,,,3.7899,,In_A In_B Off_A Off_B Off_C OS1,In_A In_B Off_A Off_B Off_C OS1,POINT (-119.563531 34.411438),0 days 00:01:00,1.1142532200878696,POINT (-119.564012 34.410986),41.28087844780447,-9.372963716384385,1
2020-06-22 15:44:00,49057,2020-21,A69-9006-7849,6/22/2020 15:44,3723.66,6434.63,3.638,34.412021,-119.563091,11,2.8,,,3.6383,,In_A In_B In_C Off_A Off_B Off_C OS1,In_A In_B Off_A Off_B Off_C OS1,POINT (-119.563091 34.412021),0 days 00:01:00,1.271357075267281,POINT (-119.563531 34.411438),31.907914731420078,2.133102740701081,1
2020-06-22 15:45:00,46222,2020-21,A69-9006-7849,6/22/2020 15:45,3773.93,6508.72,2.729,34.412689,-119.562544,7,3.1,,,2.7287,,In_A In_B In_C Off_A Off_B OS1,In_A In_B In_C Off_A Off_B OS1,POINT (-119.562544 34.412689),0 days 00:01:00,1.4925706340672489,POINT (-119.563091 34.412021),34.041017472121155,-84.03841087315858,1
2020-06-22 15:46:00,46707,2020-21,A69-9006-7849,6/22/2020 15:46,3739.25,6537.67,2.88,34.41295,-119.562921,9,3.1,,,2.8803,,In_A In_B In_C Off_A Off_B OS1,In_A In_B In_C Off_A Off_B OS1,POINT (-119.562921 34.41295),0 days 00:01:00,0.752689926474492,POINT (-119.562544 34.412689),310.0026065989626,-32.230801050518444,1
2020-06-22 15:47:00,48150,2020-21,A69-9006-7849,6/22/2020 15:47,3677.26,6546.08,3.335,34.413026,-119.563596,10,3.1,,,3.3351,,In_A In_B Off_A Off_B Off_C OS1,In_A In_B Off_A Off_B Off_C OS1,POINT (-119.563596 34.413026),0 days 00:01:00,1.04377301413727,POINT (-119.562921 34.41295),277.77180554844415,0.6640294629764876,1
2020-06-22 15:48:00,46708,2020-21,A69-9006-7849,6/22/2020 15:48,3603.57,6557.0,2.88,34.413124,-119.564397,7,3.1,,,2.8803,,In_A In_B Off_A Off_B OS1,In_A In_B Off_A Off_B OS1,POINT (-119.564397 34.413124),0 days 00:01:00,1.2406366007392917,POINT (-119.563596 34.413026),278.43583501142064,-25.23820368262072,1
2020-06-22 15:49:00,47679,2020-21,A69-9006-7849,6/22/2020 15:49,3525.4,6533.54,3.184,34.412912,-119.565248,2,3.1,,,3.1835,,In_A In_B Off_A OS1,In_A In_B Off_A OS1,POINT (-119.565248 34.412912),0 days 00:01:00,1.3615829552306264,POINT (-119.564397 34.413124),253.1976313287999,82.63232562541141,1
2020-06-22 15:50:00,41942,2020-21,A69-9006-7849,6/22/2020 15:50,3500.4,6588.93,1.668,34.413412,-119.56552,2,7.8,,,1.6675,,In_A Off_A Off_B OS1,In_A Off_A Off_B OS1,POINT (-119.56552 34.413412),0 days 00:01:00,1.0140234097862233,POINT (-119.565248 34.412912),335.8299569542113,101.6108769543099,1
2020-06-22 15:51:00,43266,2020-21,A69-9006-7849,6/22/2020 15:51,3585.42,6607.83,1.971,34.413582,-119.564595,7,3.8,,,1.9707,,In_A In_B In_C Off_A Off_B,In_A In_B In_C Off_A Off_B,POINT (-119.564595 34.413582),0 days 00:01:00,1.4517581591865634,POINT (-119.56552 34.413412),77.4408339085212,8.965763170346683,1
2020-06-22 15:52:00,45080,2020-21,A69-9006-7849,6/22/2020 15:52,3644.0,6611.49,2.426,34.413615,-119.563958,10,3.5,,,2.4255,,In_A In_B In_C Off_A Off_B OS1,In_A In_B In_C Off_A Off_B OS1,POINT (-119.563958 34.413615),0 days 00:01:00,0.9779443210656188,POINT (-119.564595 34.413582),86.40659707886789,3.593219808109442,1
2020-06-22 15:53:00,44459,2020-21,A69-9006-7849,6/22/2020 15:53,3703.5,6611.44,2.274,34.413615,-119.56331,6,3.8,,,2.2739,,In_A In_B Off_A Off_B OS1,In_A In_B Off_A Off_B OS1,POINT (-119.56331 34.413615),0 days 00:01:00,0.9928937789547833,POINT (-119.563958 34.413615),89.99981688697733,37.78622163207075,1
2020-06-22 15:55:00,43872,2020-21,A69-9006-7849,6/22/2020 15:55,3855.26,6494.27,2.122,34.412559,-119.561659,5,3.5,,,2.1223,,In_A In_B Off_A Off_B OS1,In_A In_B Off_A Off_B OS1,POINT (-119.561659 34.412559),0 days 00:02:00,1.59776142921604,POINT (-119.56331 34.413615),127.78603851904808,8.367336681710182,1
2020-06-22 15:57:00,49058,2020-21,A69-9006-7849,6/22/2020 15:57,3937.44,6409.23,3.638,34.411792,-119.560766,6,4.0,,,3.6383,,In_B Off_A Off_B Off_C OS1,In_B Off_A Off_B Off_C OS1,POINT (-119.560766 34.411792),0 days 00:02:00,0.985287544967787,POINT (-119.561659 34.412559),136.15337520075826,11.409518045957773,1
2020-06-22 15:59:00,47194,2020-21,A69-9006-7849,6/22/2020 15:59,4001.83,6308.24,3.032,34.410882,-119.560065,11,2.8,,,3.0319,,In_B In_C Off_A Off_B Off_C OS1 OS2,In_B Off_A Off_B Off_C OS1 OS2,POINT (-119.560065 34.410882),0 days 00:02:00,0.9980417804425218,POINT (-119.560766 34.411792),147.56289324671604,114.46519416334417,1
2020-06-22 16:00:00,49860,2020-21,A69-9006-7849,6/22/2020 16:00,3932.57,6298.66,3.942,34.410795,-119.560818,12,2.7,,,3.9415,,In_B In_C Off_A Off_B Off_C OS1,In_B In_C Off_A Off_B Off_C OS1,POINT (-119.560818 34.410795),0 days 00:01:00,1.1649750714662441,POINT (-119.560065 34.410882),262.0280874100602,54.43391907651384,1
2020-06-22 16:02:00,49861,2020-21,A69-9006-7849,6/22/2020 16:02,3841.23,6394.36,3.942,34.411658,-119.561812,8,3.0,,,3.9415,,In_A In_B Off_A Off_B Off_C OS1,In_A In_B Off_A Off_B Off_C,POINT (-119.561812 34.411658),0 days 00:02:00,1.1029011409091536,POINT (-119.560818 34.410795),316.46200648657407,19.898122974230272,1
2020-06-22 16:03:00,49484,2020-21,A69-9006-7849,6/22/2020 16:03,3816.51,6450.56,3.79,34.412165,-119.562081,9,3.0,,,3.7899,,In_A In_B Off_A Off_B Off_C OS1,In_A In_B Off_A Off_B Off_C OS1,POINT (-119.562081 34.412165),0 days 00:01:00,1.0239787245619842,POINT (-119.561812 34.411658),336.36012946080433,3.7204752472381974,1
2020-06-22 16:04:00,48616,2020-21,A69-9006-7849,6/22/2020 16:04,3794.88,6509.89,3.487,34.4127,-119.562316,2,4.2,,,3.4867,,In_A Off_A Off_C OS1,In_A Off_A Off_C OS1,POINT (-119.562316 34.4127),0 days 00:01:00,1.0526284484973822,POINT (-119.562081 34.412165),340.08060470804253,-48.48865902744712,1
2020-06-22 16:05:00,49059,2020-21,A69-9006-7849,6/22/2020 16:05,3736.66,6532.94,3.638,34.412907,-119.56295,4,3.8,,,3.6383,,In_A Off_A Off_B Off_C OS1,In_A Off_A Off_B Off_C OS1,POINT (-119.56295 34.412907),0 days 00:01:00,1.0441187407842796,POINT (-119.562316 34.4127),291.5919456805954,-39.83802212720654,1
2020-06-22 16:06:00,49485,2020-21,A69-9006-7849,6/22/2020 16:06,3658.21,6507.15,3.79,34.412675,-119.563803,6,3.0,,,3.7899,,In_A In_B Off_A Off_B OS1,In_A In_B Off_A Off_B OS1,POINT (-119.563803 34.412675),0 days 00:01:00,1.3755988088020723,POINT (-119.56295 34.412907),251.75392355338886,51.09079293281654,1
2020-06-22 16:07:00,48617,2020-21,A69-9006-7849,6/22/2020 16:07,3625.71,6528.01,3.487,34.412863,-119.564156,7,3.0,,,3.4867,,In_A In_B Off_A Off_B OS1,In_A In_B Off_A Off_B OS1,POINT (-119.564156 34.412863),0 days 00:01:00,0.6429394981457183,POINT (-119.563803 34.412675),302.8447164862054,-64.19744145133909,1
2020-06-22 16:08:00,49060,2020-21,A69-9006-7849,6/22/2020 16:08,3556.27,6485.94,3.638,34.412483,-119.564912,12,2.8,,,3.6383,,In_A In_B Off_A Off_B Off_C OS1,In_A In_B Off_A Off_B Off_C OS1,POINT (-119.564912 34.412483),0 days 00:01:00,1.3547877544050624,POINT (-119.564156 34.412863),238.6472750348663,-18.33229159123619,1
2020-06-22 16:09:00,49862,2020-21,A69-9006-7849,6/22/2020 16:09,3516.39,6439.16,3.942,34.412062,-119.565345,7,2.9,,,3.9415,,In_A In_B Off_A Off_B OS1,In_A In_B Off_A Off_B OS1,POINT (-119.565345 34.412062),0 days 00:01:00,1.022759022532953,POINT (-119.564912 34.412483),220.31498344363013,-25.788864437959262,1
2020-06-22 16:10:00,50283,2020-21,A69-9006-7849,6/22/2020 16:10,3501.43,6381.68,4.093,34.411543,-119.565508,13,2.8,,,4.0931,,In_A In_B In_C Off_A Off_B OS1,In_A In_B In_C Off_A Off_B OS1,POINT (-119.565508 34.411543),0 days 00:01:00,0.9915158515664915,POINT (-119.565345 34.412062),194.52611900567086,-95.54067044431342,1
2020-06-22 16:13:00,50667,2020-21,A69-9006-7849,6/22/2020 16:13,3661.44,6356.39,4.245,34.411316,-119.563768,12,2.5,,,4.2447,,In_A In_B Off_A Off_B Off_C OS1,In_A In_B Off_A Off_B Off_C OS1,POINT (-119.563768 34.411316),0 days 00:03:00,0.8996674489955562,POINT (-119.565508 34.411543),98.98544856135743,-23.51630779092824,1
2020-06-22 16:14:00,50668,2020-21,A69-9006-7849,6/22/2020 16:14,3747.81,6378.72,4.245,34.411517,-119.562828,11,2.6,,,4.2447,,In_A In_B In_C Off_A Off_B Off_C OS1,In_A In_B Off_A Off_B Off_C OS1,POINT (-119.562828 34.411517),0 days 00:01:00,1.4875133284803408,POINT (-119.563768 34.411316),75.46914077042919,-72.1947209758802,1
2020-06-22 16:15:00,50284,2020-21,A69-9006-7849,6/22/2020 16:15,3752.39,6458.74,4.093,34.412238,-119.562778,10,2.9,,,4.0931,,In_A In_B In_C Off_A Off_B Off_C OS1,In_A In_B Off_A Off_B Off_C OS1,POINT (-119.562778 34.412238),0 days 00:01:00,1.335206846714406,POINT (-119.562828 34.411517),3.274419794548976,-33.95744355716012,1
2020-06-22 16:16:00,49486,2020-21,A69-9006-7849,6/22/2020 16:16,3718.01,6516.36,3.79,34.412758,-119.563152,10,3.1,,,3.7899,,In_A In_B Off_A Off_B Off_C OS1,In_A In_B Off_A Off_B Off_C OS1,POINT (-119.563152 34.412758),0 days 00:01:00,1.119231971370389,POINT (-119.562778 34.412238),329.3169762373889,-48.48188924735291,1
2020-06-22 16:18:00,49061,2020-21,A69-9006-7849,6/22/2020 16:18,3639.45,6531.33,3.638,34.412893,-119.564007,7,3.0,,,3.6383,,In_A In_B Off_A Off_B OS1,In_A In_B Off_A Off_B OS1,POINT (-119.564007 34.412893),0 days 00:02:00,0.6668221569311561,POINT (-119.563152 34.412758),280.83508699003596,-25.00379351188082,1
2020-06-22 16:19:00,48151,2020-21,A69-9006-7849,6/22/2020 16:19,3570.62,6514.1,3.335,34.412737,-119.564756,1,3.3,,,3.3351,,In_A Off_A OS1,In_A Off_A OS1,POINT (-119.564756 34.412737),0 days 00:01:00,1.1833474532189,POINT (-119.564007 34.412893),255.83129347815515,-6.772724052846793,1
2020-06-22 16:20:00,49062,2020-21,A69-9006-7849,6/22/2020 16:20,3500.99,6487.63,3.638,34.412498,-119.565513,6,3.1,,,3.6383,,In_A In_B Off_A Off_C OS1,In_A In_B Off_A Off_C OS1,POINT (-119.565513 34.412498),0 days 00:01:00,1.2412368392515198,POINT (-119.564756 34.412737),249.05856942530835,-97.23206935943263,1
2020-06-22 16:21:00,49863,2020-21,A69-9006-7849,6/22/2020 16:21,3535.21,6424.04,3.942,34.411925,-119.565141,4,3.2,,,3.9415,,In_A In_B Off_A Off_B,In_A In_B Off_A Off_B,POINT (-119.565141 34.411925),0 days 00:01:00,1.2029924630114592,POINT (-119.565513 34.412498),151.82650006587573,81.60342186787585,1
2020-06-22 16:23:00,51044,2020-21,A69-9006-7849,6/22/2020 16:23,3435.83,6350.71,4.396,34.411264,-119.566221,1,5.2,,,4.3963,,In_A Off_A Off_B Off_C,In_A Off_A Off_B,POINT (-119.566221 34.411264),0 days 00:02:00,1.0285965164057584,POINT (-119.565141 34.411925),233.4299219337516,38.95583348400163,1
2020-06-22 16:24:00,51045,2020-21,A69-9006-7849,6/22/2020 16:24,3379.7,6353.01,4.396,34.411285,-119.566832,6,3.9,,,4.3963,,In_A In_B Off_A Off_B OS1,In_A In_B Off_A Off_B OS1,POINT (-119.566832 34.411285),0 days 00:01:00,0.9370315507591465,POINT (-119.566221 34.411264),272.3857554177532,86.4454724738041,1
2020-06-22 16:25:00,48618,2020-21,A69-9006-7849,6/22/2020 16:25,3378.25,6424.81,3.487,34.411932,-119.566848,1,5.9,,,3.4867,,In_A In_B Off_A,In_A In_B Off_A,POINT (-119.566848 34.411932),0 days 00:01:00,1.1964446779584454,POINT (-119.566832 34.411285),358.8312278915573,57.72653967095333,1
2020-06-22 16:28:00,48152,2020-21,A69-9006-7849,6/22/2020 16:28,3515.65,6515.11,3.335,34.412746,-119.565354,11,2.9,,,3.3351,,In_A In_B In_C Off_A Off_B OS1,In_A In_B In_C Off_A Off_B OS1,POINT (-119.565354 34.412746),0 days 00:03:00,0.9131956198610499,POINT (-119.566848 34.411932),56.55776756251066,37.27937737521551,1
2020-06-22 16:29:00,48619,2020-21,A69-9006-7849,6/22/2020 16:29,3585.43,6510.41,3.487,34.412704,-119.564595,7,2.9,,,3.4867,,In_A In_B Off_A Off_B OS1,In_A In_B Off_A Off_B OS1,POINT (-119.564595 34.412704),0 days 00:01:00,1.1655745637332042,POINT (-119.565354 34.412746),93.83714493772618,14.72619373421457,1
2020-06-22 16:30:00,50285,2020-21,A69-9006-7849,6/22/2020 16:30,3670.34,6482.01,4.093,34.412448,-119.563671,8,3.1,,,4.0931,,In_A In_B Off_A Off_B Off_C,In_A In_B Off_A Off_B Off_C,POINT (-119.563671 34.412448),0 days 00:01:00,1.4928271590012792,POINT (-119.564595 34.412704),108.56333867194076,-8.666609292422432,1
2020-06-22 16:32:00,49487,2020-21,A69-9006-7849,6/22/2020 16:32,3755.29,6467.23,3.79,34.412315,-119.562747,10,2.9,,,3.7899,,In_A In_B Off_A Off_B Off_C OS1 OS2,In_A In_B Off_A Off_B Off_C OS1,POINT (-119.562747 34.412315),0 days 00:02:00,0.7185041289322404,POINT (-119.563671 34.412448),99.89672937951832,8.734546194311054,1
2020-06-22 16:33:00,50287,2020-21,A69-9006-7849,6/22/2020 16:33,3824.68,6443.89,4.093,34.412105,-119.561992,3,5.7,,,4.0931,,In_B Off_A Off_B Off_C,In_B Off_A Off_B Off_C,POINT (-119.561992 34.412105),0 days 00:01:00,1.2202761802164364,POINT (-119.562747 34.412315),108.63127557382938,13.021345810164812,1
2020-06-22 16:34:00,49864,2020-21,A69-9006-7849,6/22/2020 16:34,3904.91,6394.72,3.942,34.411661,-119.561119,9,3.1,,,3.9415,,In_A In_B Off_A Off_B Off_C OS1,In_A In_B Off_A Off_B Off_C OS1,POINT (-119.561119 34.411661),0 days 00:01:00,1.5694657854195981,POINT (-119.561992 34.412105),121.65262138399419,-25.61542320372308,1
2020-06-22 16:35:00,48620,2020-21,A69-9006-7849,6/22/2020 16:35,3985.04,6386.27,3.487,34.411585,-119.560248,10,3.0,,,3.4867,,In_A In_B In_C Off_A Off_B Off_C OS1,In_A In_B Off_A Off_B Off_C OS1,POINT (-119.560248 34.411585),0 days 00:01:00,1.3419919860857603,POINT (-119.561119 34.411661),96.0371981802711,-139.0710420506664,1
2020-06-22 16:37:00,48621,2020-21,A69-9006-7849,6/22/2020 16:37,3926.57,6448.54,3.487,34.412147,-119.560884,4,3.5,,,3.4867,,In_A In_B Off_A Off_B,In_A In_B Off_A Off_B,POINT (-119.560884 34.412147),0 days 00:02:00,0.712269840124404,POINT (-119.560248 34.411585),316.9661561296047,-6.014446833916736,1
2020-06-22 16:38:00,47196,2020-21,A69-9006-7849,6/22/2020 16:38,3878.68,6489.93,3.032,34.41252,-119.561405,5,3.5,,,3.0319,,In_A In_B Off_A Off_B OS1,In_A In_B Off_A Off_B OS1,POINT (-119.561405 34.41252),0 days 00:01:00,1.0549255345252981,POINT (-119.560884 34.412147),310.951709295688,-36.146572116695616,1
2020-06-22 16:39:00,48155,2020-21,A69-9006-7849,6/22/2020 16:39,3787.18,6497.59,3.335,34.412589,-119.5624,8,3.3,,,3.3351,,In_A In_B Off_A Off_B Off_C,In_A In_B Off_A Off_B Off_C,POINT (-119.5624 34.412589),0 days 00:01:00,1.529929313988379,POINT (-119.561405 34.41252),274.80513717899237,-59.46310911936237,1
2020-06-22 16:42:00,51375,2020-21,A69-9006-7849,6/22/2020 16:42,3679.72,6346.82,4.548,34.411229,-119.563569,12,2.5,,,4.5479,,In_A In_B Off_A Off_B Off_C OS1,In_A In_B Off_A Off_B Off_C OS1,POINT (-119.563569 34.411229),0 days 00:03:00,1.0290642139427533,POINT (-119.5624 34.412589),215.34202805963,0.0,1
