TRANSMITTER,DETECTEDID,DATETIME,X,Y,D,LAT,LON,n,HPE,HPEm,TEMP,DEPTH,ACCEL,DRX,URX,geometry,TIMEDELTA,speed,prev_pt,direction,turning_angle,state
2020-20,A69-9006-7853,5/21/2020 16:33,4231.34,6249.05,-0.303,34.410349,-119.557569,2,4.9,,,-0.3033,,In_B In_C Off_B Off_C,In_B In_C Off_B Off_C,POINT (-119.557569 34.410349),0 days 00:00:00,0.9232004762683794,,260.914743960899,0.0,6
2020-20,A69-9006-7853,5/21/2020 16:35,4121.9,6231.74,3.335,34.410192,-119.558759,10,2.7,,,3.3351,,In_A In_B In_C Off_B Off_C OS1,In_A In_B In_C Off_B Off_C OS1,POINT (-119.558759 34.410192),0 days 00:02:00,0.9232004762683794,POINT (-119.557569 34.410349),260.914743960899,54.455451155596336,5
2020-20,A69-9006-7853,5/21/2020 16:37,4058.05,6296.02,3.942,34.410772,-119.559453,3,3.2,,,3.9415,,In_B Off_A Off_B OS1,In_B Off_A Off_B OS1,POINT (-119.559453 34.410772),0 days 00:02:00,0.7551040602836198,POINT (-119.558759 34.410192),315.3701951164953,26.507872906746627,5
2020-20,A69-9006-7853,5/21/2020 16:38,4044.86,6336.29,1.971,34.411135,-119.559597,6,3.1,,,1.9707,,In_A In_B Off_A Off_B OS1,In_A In_B Off_A Off_B OS1,POINT (-119.559597 34.411135),0 days 00:01:00,0.7064671592834374,POINT (-119.559453 34.410772),341.87806802324195,-21.375286632583766,2
2020-20,A69-9006-7853,5/21/2020 16:42,3941.59,6461.04,0.0,34.412259,-119.56072,1,8.2,,,-0.0001,,In_A Off_A Off_B OS1,In_A Off_A Off_B,POINT (-119.56072 34.412259),0 days 00:04:00,0.6745098449283025,POINT (-119.559597 34.411135),320.5027813906582,-41.76345537460725,2
2020-20,A69-9006-7853,5/21/2020 16:43,3897.41,6467.81,0.0,34.41232,-119.561201,1,7.4,,,-0.0001,,In_A Off_A Off_B OS1,In_A Off_A Off_B,POINT (-119.561201 34.41232),0 days 00:01:00,0.7455994961250274,POINT (-119.56072 34.412259),278.73932601605094,12.355768143423745,5
2020-20,A69-9006-7853,5/21/2020 16:48,3700.41,6543.45,-0.455,34.413002,-119.563344,1,4.3,,,-0.4549,,In_A Off_A OS1,In_A Off_A OS1,POINT (-119.563344 34.413002),0 days 00:05:00,0.7034809184142716,POINT (-119.561201 34.41232),291.0950941594747,-11.270843887318733,5
2020-20,A69-9006-7853,5/21/2020 16:49,3654.05,6551.46,-0.303,34.413074,-119.563848,4,3.7,,,-0.3033,,In_A Off_A Off_B OS1,In_A Off_A Off_B OS1,POINT (-119.563848 34.413074),0 days 00:01:00,0.783644810042416,POINT (-119.563344 34.413002),279.82425027215595,-11.032686648125889,5
2020-20,A69-9006-7853,5/21/2020 16:50,3595.94,6550.29,-0.303,34.413063,-119.56448,4,3.5,,,-0.3033,,In_A Off_A Off_B OS1,In_A Off_A Off_B OS1,POINT (-119.56448 34.413063),0 days 00:01:00,0.9685977096628959,POINT (-119.563848 34.413074),268.79156362403006,15.263664351415173,5
2020-20,A69-9006-7853,5/21/2020 16:57,3398.76,6599.37,-0.303,34.413506,-119.566625,3,13.7,,,-0.3033,,In_A Off_A Off_B OS1,In_A Off_A Off_B OS1,POINT (-119.566625 34.413506),0 days 00:07:00,0.48388410863275044,POINT (-119.56448 34.413063),284.05522797544523,-73.00600118457743,2
2020-20,A69-9006-7853,5/21/2020 17:16,3257.27,6365.46,-0.455,34.411397,-119.568164,1,8.8,,,-0.4549,,In_A Off_A OS1,In_A Off_A OS1,POINT (-119.568164 34.411397),0 days 00:19:00,0.23983221589640036,POINT (-119.566625 34.413506),211.0492267908678,-115.64801892331172,1
2020-20,A69-9006-7853,5/21/2020 17:18,3355.04,6356.31,-0.455,34.411314,-119.5671,3,5.0,,,-0.4549,,In_A Off_A Off_B OS1,In_A Off_A Off_B OS1,POINT (-119.5671 34.411314),0 days 00:02:00,0.8187783428334475,POINT (-119.568164 34.411397),95.40120786755608,-40.21830296397741,6
2020-20,A69-9006-7853,5/21/2020 17:21,3428.63,6407.11,2.122,34.411773,-119.5663,1,4.1,,,2.1223,,In_A Off_A OS1,In_A Off_A OS1,POINT (-119.5663 34.411773),0 days 00:03:00,0.4969676339274305,POINT (-119.5671 34.411314),55.182904903578674,3.285940642892456,5
2020-20,A69-9006-7853,5/21/2020 17:22,3473.32,6434.47,0.0,34.412019,-119.565814,4,3.3,,,-0.0001,,In_A Off_A Off_B OS1,In_A Off_A Off_B OS1,POINT (-119.565814 34.412019),0 days 00:01:00,0.8725886166528726,POINT (-119.5663 34.411773),58.46884554647113,10.307248304533971,5
2020-20,A69-9006-7853,5/21/2020 17:23,3511.15,6449.14,-0.152,34.412151,-119.565402,4,3.1,,,-0.1517,,In_A Off_A Off_B OS1,In_A Off_A Off_B OS1,POINT (-119.565402 34.412151),0 days 00:01:00,0.6768254516875658,POINT (-119.565814 34.412019),68.7760938510051,0.28702168964844077,5
2020-20,A69-9006-7853,5/21/2020 17:27,3667.06,6508.37,0.303,34.412686,-119.563707,3,3.5,,,0.3031,,In_A Off_A Off_B OS1,In_A Off_A Off_B OS1,POINT (-119.563707 34.412686),0 days 00:04:00,0.6947914119451611,POINT (-119.565402 34.412151),69.06311554065354,5.718189633938039,5
2020-20,A69-9006-7853,5/21/2020 17:28,3699.38,6517.22,0.152,34.412765,-119.563355,2,3.4,,,0.1515,,In_A In_B Off_A OS1,In_A In_B Off_A OS1,POINT (-119.563355 34.412765),0 days 00:01:00,0.5587818033150309,POINT (-119.563707 34.412686),74.78130517459158,38.34446205258104,5
2020-20,A69-9006-7853,5/21/2020 17:34,3933.13,6417.74,-0.455,34.411869,-119.560812,1,5.8,,,-0.4549,,In_B Off_B OS1,In_B Off_B OS1,POINT (-119.560812 34.411869),0 days 00:06:00,0.7056775709739582,POINT (-119.563355 34.412765),113.12576722717262,-32.26223312245514,2
2020-20,A69-9006-7853,5/21/2020 17:36,4007.98,6429.72,0.152,34.411977,-119.559998,1,5.8,,,0.1515,,In_B Off_B OS1,In_B Off_B OS1,POINT (-119.559998 34.411977),0 days 00:02:00,0.6315764658527401,POINT (-119.560812 34.411869),80.86353410471747,22.28004259064255,5
2020-20,A69-9006-7853,5/21/2020 17:38,4070.48,6415.18,0.0,34.411846,-119.559318,2,4.7,,,-0.0001,,In_B In_C Off_B OS1,In_B In_C Off_B OS1,POINT (-119.559318 34.411846),0 days 00:02:00,0.5348626511101432,POINT (-119.559998 34.411977),103.14357669536003,16.386486803843127,5
2020-20,A69-9006-7853,5/21/2020 17:42,4242.26,6318.3,-0.455,34.410973,-119.55745,1,5.4,,,-0.4549,,In_B In_C Off_B OS1,In_C Off_B OS1,POINT (-119.55745 34.410973),0 days 00:04:00,0.8215034058814032,POINT (-119.559318 34.411846),119.53006349920315,-10.312733847008133,2
2020-20,A69-9006-7853,5/21/2020 17:45,4326.67,6289.08,-0.303,34.410709,-119.556532,1,12.4,,,-0.3033,,In_B In_C Off_A OS1,In_C Off_A OS1,POINT (-119.556532 34.410709),0 days 00:03:00,0.49630701941217464,POINT (-119.55745 34.410973),109.21732965219502,158.9992067997553,1
2020-20,A69-9006-7853,5/21/2020 17:49,4194.21,6284.9,0.0,34.410672,-119.557972,2,12.5,,,-0.0001,,In_B Off_A Off_B OS1,In_B Off_A Off_B OS1,POINT (-119.557972 34.410672),0 days 00:04:00,0.5518918860666003,POINT (-119.556532 34.410709),268.21653645195033,52.35167708906795,0
2020-20,A69-9006-7853,5/21/2020 17:51,4137.49,6353.73,0.0,34.411292,-119.55859,1,5.2,,,-0.0001,,In_B Off_B OS1,In_B Off_B OS1,POINT (-119.55859 34.411292),0 days 00:02:00,0.7434164611048232,POINT (-119.557972 34.410672),320.5682135410183,-26.092197522886636,2
2020-20,A69-9006-7853,5/21/2020 17:52,4096.08,6372.5,-0.303,34.411461,-119.55904,1,4.9,,,-0.3033,,In_B Off_B OS1,In_B Off_B OS1,POINT (-119.55904 34.411461),0 days 00:01:00,0.7570173486848516,POINT (-119.55859 34.411292),294.47601601813165,-0.5359081038965314,5
2020-20,A69-9006-7853,5/21/2020 17:53,4064.46,6386.43,-0.303,34.411587,-119.559384,1,4.8,,,-0.3033,,In_B Off_B OS1,In_B Off_B OS1,POINT (-119.559384 34.411587),0 days 00:01:00,0.5762868169922488,POINT (-119.55904 34.411461),293.9401079142351,28.7493961911249,5
2020-20,A69-9006-7853,5/21/2020 17:54,4025.49,6437.39,0.0,34.412046,-119.559808,5,3.8,,,-0.0001,,In_A In_B Off_A Off_B OS1,In_A In_B Off_A Off_B OS1,POINT (-119.559808 34.412046),0 days 00:01:00,1.0687541151678468,POINT (-119.559384 34.411587),322.68950410536,-52.439150706604096,2
2020-20,A69-9006-7853,5/21/2020 17:56,3948.93,6437.68,-0.455,34.412049,-119.560641,2,5.3,,,-0.4549,,In_B Off_A Off_B OS1,In_B Off_A Off_B OS1,POINT (-119.560641 34.412049),0 days 00:02:00,0.6381973433495688,POINT (-119.559808 34.412046),270.2503533987559,10.122115685541985,5
2020-20,A69-9006-7853,5/21/2020 17:59,3824.73,6460.35,-0.455,34.412253,-119.561992,1,4.9,,,-0.4549,,In_A Off_A OS1,In_A Off_A OS1,POINT (-119.561992 34.412253),0 days 00:03:00,0.7013916691996049,POINT (-119.560641 34.412049),280.3724690842979,50.61715836608022,5
2020-20,A69-9006-7853,5/21/2020 18:00,3806.05,6493.85,0.0,34.412555,-119.562195,1,4.9,,,-0.0001,,In_A Off_A OS1,In_A Off_A OS1,POINT (-119.562195 34.412555),0 days 00:01:00,0.6391426749676341,POINT (-119.561992 34.412253),330.9896274503781,0.19999236376361296,5
2020-20,A69-9006-7853,5/21/2020 18:01,3785.64,6530.82,0.0,34.412888,-119.562417,1,5.1,,,-0.0001,,In_A Off_A OS1,In_A Off_A OS1,POINT (-119.562417 34.412888),0 days 00:01:00,0.703383327909226,POINT (-119.562195 34.412555),331.18961981414174,-24.419032786943262,2
2020-20,A69-9006-7853,5/21/2020 18:03,3747.77,6558.97,0.0,34.413142,-119.562829,1,5.0,,,-0.0001,,In_A Off_A OS1,In_A Off_A OS1,POINT (-119.562829 34.413142),0 days 00:02:00,0.3933994974095219,POINT (-119.562417 34.412888),306.7705870271985,19.179298200971687,5
2020-20,A69-9006-7853,5/21/2020 18:04,3726.51,6590.26,0.303,34.413424,-119.56306,1,5.4,,,0.3031,,In_A Off_A OS1,In_A Off_A OS1,POINT (-119.56306 34.413424),0 days 00:01:00,0.6301646185251945,POINT (-119.562829 34.413142),325.94988522817016,-67.7851560701663,2
2020-20,A69-9006-7853,5/21/2020 18:07,3598.35,6563.6,0.0,34.413183,-119.564454,4,3.7,,,-0.0001,,In_A Off_A Off_B OS1,In_A Off_A Off_B OS1,POINT (-119.564454 34.413183),0 days 00:03:00,0.7273113607393359,POINT (-119.56306 34.413424),258.16472915800387,-1.1059736169595453,5
2020-20,A69-9006-7853,5/21/2020 18:08,3559.52,6554.7,0.0,34.413103,-119.564876,4,3.5,,,-0.0001,,In_A Off_A Off_B OS1,In_A Off_A Off_B OS1,POINT (-119.564876 34.413103),0 days 00:01:00,0.6633108765889741,POINT (-119.564454 34.413183),257.0587555410443,6.092845048083404,5
2020-20,A69-9006-7853,5/21/2020 18:09,3509.46,6548.73,-0.455,34.413049,-119.565421,4,3.4,,,-0.4549,,In_A Off_A Off_B OS1,In_A Off_A Off_B OS1,POINT (-119.565421 34.413049),0 days 00:01:00,0.8410248297755136,POINT (-119.564876 34.413103),263.1516005891277,17.604622421090255,5
2020-20,A69-9006-7853,5/21/2020 18:18,3410.93,6567.31,0.0,34.413217,-119.566493,4,6.1,,,-0.0001,,In_A Off_A Off_B OS1,In_A Off_A Off_B OS1,POINT (-119.566493 34.413217),0 days 00:09:00,0.1857426006581931,POINT (-119.565421 34.413049),280.756223010218,-47.06366559908142,2
2020-20,A69-9006-7853,5/21/2020 18:23,3259.41,6456.54,-0.303,34.412218,-119.568141,1,9.6,,,-0.3033,,In_A Off_A OS1,In_A Off_A OS1,POINT (-119.568141 34.412218),0 days 00:05:00,0.6257091246317116,POINT (-119.566493 34.413217),233.69255741113656,-108.38609242714415,1
2020-20,A69-9006-7853,5/21/2020 18:40,3381.02,6370.79,-0.152,34.411445,-119.566818,1,7.2,,,-0.1517,,In_A Off_A Off_B,In_A Off_A Off_B,POINT (-119.566818 34.411445),0 days 00:17:00,0.1459013670831873,POINT (-119.568141 34.412218),125.30646498399238,-39.313145558778956,6
2020-20,A69-9006-7853,5/21/2020 18:42,3479.6,6377.67,4.093,34.411507,-119.565745,1,3.5,,,4.0931,,In_A Off_A OS1,In_A Off_A OS1,POINT (-119.565745 34.411507),0 days 00:02:00,0.8240650604005919,POINT (-119.566818 34.411445),85.99331942521343,-6.2583841903680195,5
2020-20,A69-9006-7853,5/21/2020 18:43,3533.83,6387.4,4.396,34.411595,-119.565156,6,2.9,,,4.3963,,In_A Off_A Off_B Off_C OS1,In_A Off_A Off_B Off_C OS1,POINT (-119.565156 34.411595),0 days 00:01:00,0.9170611289361851,POINT (-119.565745 34.411507),79.73493523484541,-52.06973726958245,2
2020-20,A69-9006-7853,5/21/2020 18:45,3556.91,6431.18,4.7,34.41199,-119.564905,4,2.9,,,4.6995,,In_A Off_A Off_B OS1,In_A Off_A Off_B OS1,POINT (-119.564905 34.41199),0 days 00:02:00,0.41268603806529197,POINT (-119.565156 34.411595),27.665197965262962,23.97073188086381,5
2020-20,A69-9006-7853,5/21/2020 18:47,3626.54,6486.17,3.184,34.412485,-119.564147,4,3.1,,,3.1835,,In_A Off_A Off_B OS1,In_A Off_A Off_B OS1,POINT (-119.564147 34.412485),0 days 00:02:00,0.739345472047655,POINT (-119.564905 34.41199),51.63592984612677,-12.341971477117283,5
2020-20,A69-9006-7853,5/21/2020 18:48,3660.37,6527.32,0.606,34.412856,-119.563779,1,3.8,,,0.6063,,In_A Off_A OS1,In_A Off_A OS1,POINT (-119.563779 34.412856),0 days 00:01:00,0.8879373582730133,POINT (-119.564147 34.412485),39.29395836900949,-2.813588204187454,2
2020-20,A69-9006-7853,5/21/2020 18:49,3671.54,6542.29,0.0,34.412991,-119.563658,3,3.8,,,-0.0001,,In_A Off_A Off_B OS1,In_A Off_A Off_B OS1,POINT (-119.563658 34.412991),0 days 00:01:00,0.3109188538331217,POINT (-119.563779 34.412856),36.480370164822034,71.43505727090337,0
2020-20,A69-9006-7853,5/21/2020 18:52,3798.07,6501.49,-0.152,34.412624,-119.562282,2,4.4,,,-0.1517,,In_A Off_A Off_B OS1,In_A Off_A Off_B OS1,POINT (-119.562282 34.412624),0 days 00:03:00,0.7382929075972237,POINT (-119.563658 34.412991),107.9154274357254,16.099929971149436,5
2020-20,A69-9006-7853,5/21/2020 18:53,3831.25,6479.17,-0.152,34.412423,-119.561921,2,4.7,,,-0.1517,,In_A Off_A Off_B OS1,In_A Off_A Off_B OS1,POINT (-119.561921 34.412423),0 days 00:01:00,0.6663853431081964,POINT (-119.562282 34.412624),124.01535740687484,0.06441305597621749,5
2020-20,A69-9006-7853,5/21/2020 18:54,3870.77,6452.6,0.0,34.412183,-119.561491,1,6.9,,,-0.0001,,In_B Off_A Off_B OS1,In_B Off_A Off_B,POINT (-119.561491 34.412183),0 days 00:01:00,0.7943570811541085,POINT (-119.561921 34.412423),124.07977046285106,0.18666041651027854,5
2020-20,A69-9006-7853,5/21/2020 18:57,3964.83,6388.82,-0.152,34.411608,-119.560468,2,4.1,,,-0.1517,,In_B Off_A Off_B OS1,In_B Off_A Off_B OS1,POINT (-119.560468 34.411608),0 days 00:03:00,0.6313340611361843,POINT (-119.561491 34.412183),124.26643087936134,-49.279034311383896,2
2020-20,A69-9006-7853,5/21/2020 19:00,4059.15,6413.95,-0.455,34.411835,-119.559442,2,4.6,,,-0.4549,,In_B In_C Off_B OS1,In_B In_C Off_B OS1,POINT (-119.559442 34.411835),0 days 00:03:00,0.5423905703239589,POINT (-119.560468 34.411608),74.98739656797744,50.663011958715344,0
2020-20,A69-9006-7853,5/21/2020 19:05,4241.98,6283.36,-0.607,34.410658,-119.557453,1,7.5,,,-0.6065,,In_B In_C Off_C,In_B In_C Off_C,POINT (-119.557453 34.410658),0 days 00:05:00,0.748969495010228,POINT (-119.559442 34.411835),125.65040852669279,1.5396580866088243,2
2020-20,A69-9006-7853,5/21/2020 19:10,4322.56,6222.52,-0.607,34.410109,-119.556576,6,3.6,,,-0.6065,,In_B In_C Off_B Off_C OS1,In_B In_C Off_B Off_C OS1,POINT (-119.556576 34.410109),0 days 00:05:00,0.3368155526164794,POINT (-119.557453 34.410658),127.19006661330161,-167.53046844752663,1
2020-20,A69-9006-7853,5/21/2020 19:11,4293.61,6256.44,-0.455,34.410415,-119.556891,2,7.3,,,-0.4549,,In_B Off_B Off_C OS1,In_B Off_B Off_C OS1,POINT (-119.556891 34.410415),0 days 00:01:00,0.7436667078583576,POINT (-119.556576 34.410109),319.659598165775,-18.130103197989456,6
2020-20,A69-9006-7853,5/21/2020 19:14,4211.33,6306.68,-0.607,34.410868,-119.557786,4,4.1,,,-0.6065,,In_B In_C Off_B Off_C OS1,In_C Off_B Off_C OS1,POINT (-119.557786 34.410868),0 days 00:03:00,0.5356403957398534,POINT (-119.556891 34.410415),301.5294949677855,-7.856104270698609,2
2020-20,A69-9006-7853,5/21/2020 19:26,3950.78,6420.37,-0.455,34.411893,-119.56062,1,5.6,,,-0.4549,,In_B Off_B OS1,In_B Off_B OS1,POINT (-119.56062 34.411893),0 days 00:12:00,0.3948318014312572,POINT (-119.557786 34.410868),293.6733906970869,-52.58193033694505,2
2020-20,A69-9006-7853,5/21/2020 19:32,3886.61,6385.11,-0.607,34.411575,-119.561318,4,3.2,,,-0.6065,,In_A In_B Off_A Off_B OS1,In_A In_B Off_A Off_B,POINT (-119.561318 34.411575),0 days 00:06:00,0.2034121254538861,POINT (-119.56062 34.411893),241.09146036014187,74.43935336087304,4
2020-20,A69-9006-7853,5/21/2020 19:33,3860.73,6411.42,-0.607,34.411812,-119.5616,1,4.0,,,-0.6065,,In_A In_B Off_A OS1,In_A In_B Off_A,POINT (-119.5616 34.411812),0 days 00:01:00,0.615392626558924,POINT (-119.561318 34.411575),315.5308137210149,148.91186935543146,4
2020-20,A69-9006-7853,5/21/2020 19:38,4058.05,6360.87,-0.607,34.411356,-119.559454,1,4.2,,,-0.6065,,In_B Off_B OS1,In_B Off_B OS1,POINT (-119.559454 34.411356),0 days 00:05:00,0.6789258443987407,POINT (-119.5616 34.411812),104.44268307644637,0.7880245994011261,9
2020-20,A69-9006-7853,5/21/2020 19:39,4113.25,6345.86,-0.607,34.411221,-119.558853,1,4.5,,,-0.6065,,In_B Off_B OS1,In_B Off_B OS1,POINT (-119.558853 34.411221),0 days 00:01:00,0.9541279280414733,POINT (-119.559454 34.411356),105.2307076758475,-140.0228940106104,4
2020-20,A69-9006-7853,5/21/2020 19:45,4002.82,6504.0,-0.607,34.412647,-119.560054,2,7.6,,,-0.6065,,In_B In_C Off_B OS1,In_B In_C Off_B OS1,POINT (-119.560054 34.412647),0 days 00:06:00,0.5358622068072383,POINT (-119.558853 34.411221),325.2078136652371,-166.5504471687379,4
2020-20,A69-9006-7853,5/21/2020 19:49,4076.32,6316.91,-0.455,34.41096,-119.559255,1,3.7,,,-0.4549,,In_B Off_B OS1,In_B Off_B OS1,POINT (-119.559255 34.41096),0 days 00:04:00,0.8376643143338545,POINT (-119.560054 34.412647),158.6573664964992,-29.301762636181138,9
2020-20,A69-9006-7853,5/21/2020 19:51,4156.44,6251.43,-0.607,34.41037,-119.558383,2,3.2,,,-0.6065,,In_B In_C Off_B OS1,In_B In_C Off_B OS1,POINT (-119.558383 34.41037),0 days 00:02:00,0.8624381891461557,POINT (-119.559255 34.41096),129.35560386031807,-166.6350027629988,1
2020-20,A69-9006-7853,5/21/2020 19:57,4087.36,6341.82,-0.607,34.411185,-119.559135,1,4.1,,,-0.6065,,In_B Off_B OS1,In_B Off_B OS1,POINT (-119.559135 34.411185),0 days 00:06:00,0.31614868664364915,POINT (-119.558383 34.41037),322.7206010973193,-32.16614530063845,6
2020-20,A69-9006-7853,5/21/2020 20:00,3954.49,6391.49,-0.607,34.411632,-119.56058,1,4.5,,,-0.6065,,In_B Off_B OS1,In_B Off_B OS1,POINT (-119.56058 34.411632),0 days 00:03:00,0.7877846731371649,POINT (-119.559135 34.411185),290.5544557966808,-42.927032516850716,2
2020-20,A69-9006-7853,5/21/2020 20:05,3866.25,6355.34,-0.607,34.411306,-119.56154,4,3.1,,,-0.6065,,In_A In_B Off_A Off_B OS1,In_A In_B Off_A Off_B,POINT (-119.56154 34.411306),0 days 00:05:00,0.317936182268553,POINT (-119.56058 34.411632),247.6274232798301,-40.27143473761964,2
2020-20,A69-9006-7853,5/21/2020 20:06,3845.8,6316.01,-0.607,34.410952,-119.561762,5,2.8,,,-0.6065,,In_A In_B Off_A Off_B OS1,In_A In_B Off_A Off_B OS1,POINT (-119.561762 34.410952),0 days 00:01:00,0.7376084984990875,POINT (-119.56154 34.411306),207.35598854221047,52.840477602011106,0
2020-20,A69-9006-7853,5/21/2020 20:07,3801.93,6308.54,-0.607,34.410884,-119.562239,3,3.0,,,-0.6065,,In_A Off_A Off_B OS1,In_A Off_A Off_B OS1,POINT (-119.562239 34.410884),0 days 00:01:00,0.7416371852532145,POINT (-119.561762 34.410952),260.1964661442216,10.139148990734554,5
2020-20,A69-9006-7853,5/21/2020 20:08,3763.94,6308.74,-0.607,34.410886,-119.562653,6,2.7,,,-0.6065,,In_A In_B Off_A Off_B OS1,In_A In_B Off_A Off_B OS1,POINT (-119.562653 34.410886),0 days 00:01:00,0.6343801905888997,POINT (-119.562239 34.410884),270.33561513495613,-47.33596380098851,2
2020-20,A69-9006-7853,5/21/2020 20:09,3732.02,6274.67,-0.607,34.410579,-119.563,3,2.8,,,-0.6065,,In_A Off_A Off_B OS1,In_A Off_A Off_B OS1,POINT (-119.563 34.410579),0 days 00:01:00,0.7777348698494114,POINT (-119.562653 34.410886),222.99965133396762,68.49209272306769,0
2020-20,A69-9006-7853,5/21/2020 20:10,3703.15,6285.99,-0.607,34.410681,-119.563314,3,2.8,,,-0.6065,,In_A Off_A Off_B OS1,In_A Off_A Off_B OS1,POINT (-119.563314 34.410681),0 days 00:01:00,0.5167783562011572,POINT (-119.563 34.410579),291.4917440570353,-31.31547665385341,2
2020-20,A69-9006-7853,5/21/2020 20:11,3670.34,6280.36,-0.607,34.41063,-119.563671,3,2.8,,,-0.6065,,In_A Off_A Off_B OS1,In_A Off_A Off_B OS1,POINT (-119.563671 34.41063),0 days 00:01:00,0.5550970194319137,POINT (-119.563314 34.410681),260.1762674031819,10.45951605279538,2
2020-20,A69-9006-7853,5/21/2020 20:12,3630.12,6280.77,-0.607,34.410634,-119.564108,4,2.7,,,-0.6065,,In_A Off_A Off_B OS1,In_A Off_A Off_B OS1,POINT (-119.564108 34.410634),0 days 00:01:00,0.6696550117409525,POINT (-119.563671 34.41063),270.6357834559773,-93.52318377947529,1
2020-20,A69-9006-7853,5/21/2020 20:13,3631.39,6255.35,-0.607,34.410405,-119.564094,4,2.7,,,-0.6065,,In_A Off_A Off_B OS1,In_A Off_A Off_B OS1,POINT (-119.564094 34.410405),0 days 00:01:00,0.4239252846688287,POINT (-119.564108 34.410634),177.112599676502,26.783758978837,0
2020-20,A69-9006-7853,5/21/2020 20:15,3618.11,6225.44,-0.607,34.410135,-119.564239,4,2.7,,,-0.6065,,In_A Off_A Off_B OS1,In_A Off_A Off_B OS1,POINT (-119.564239 34.410135),0 days 00:02:00,0.2731989400450509,POINT (-119.564094 34.410405),203.896358655339,-29.868549756342418,2
2020-20,A69-9006-7853,5/21/2020 20:17,3626.13,6148.45,-0.607,34.409441,-119.564151,5,2.7,,,-0.6065,,In_A Off_A Off_B Off_C OS1,In_A Off_A Off_B Off_C OS1,POINT (-119.564151 34.409441),0 days 00:02:00,0.6450771136160677,POINT (-119.564239 34.410135),174.02780889899657,141.14470886220704,1
2020-20,A69-9006-7853,5/21/2020 20:18,3598.61,6176.09,-0.607,34.40969,-119.564451,3,3.0,,,-0.6065,,In_A Off_A Off_B OS1,In_A Off_A Off_B OS1,POINT (-119.564451 34.40969),0 days 00:01:00,0.6505765147969634,POINT (-119.564151 34.409441),315.1725177612036,10.225395728673107,5
2020-20,A69-9006-7853,5/21/2020 20:19,3576.52,6207.93,-0.607,34.409977,-119.564691,3,3.0,,,-0.6065,,In_A Off_A Off_B OS1,In_A Off_A Off_B OS1,POINT (-119.564691 34.409977),0 days 00:01:00,0.6455967947803949,POINT (-119.564451 34.40969),325.3979134898767,2.3781086483878653,5
2020-20,A69-9006-7853,5/21/2020 20:20,3552.75,6245.52,-0.607,34.410316,-119.56495,1,3.2,,,-0.6065,,In_A Off_A OS1,In_A Off_A OS1,POINT (-119.56495 34.410316),0 days 00:01:00,0.741838033194744,POINT (-119.564691 34.409977),327.7760221382646,-9.387026202094034,5
2020-20,A69-9006-7853,5/21/2020 20:21,3530.75,6270.14,-0.607,34.410538,-119.565189,1,3.2,,,-0.6065,,In_A Off_A OS1,In_A Off_A OS1,POINT (-119.565189 34.410538),0 days 00:01:00,0.5500712891576881,POINT (-119.56495 34.410316),318.38899593617055,-6.679695326564911,2
2020-20,A69-9006-7853,5/21/2020 20:22,3505.76,6292.38,-0.607,34.410738,-119.565461,3,3.2,,,-0.6065,,In_A Off_A Off_B OS1,In_A Off_A Off_B OS1,POINT (-119.565461 34.410738),0 days 00:01:00,0.5571684552488194,POINT (-119.565189 34.410538),311.70930060960563,164.06328472300925,1
2020-20,A69-9006-7853,5/21/2020 20:40,3550.01,6271.01,-0.455,34.410546,-119.564979,4,2.8,,,-0.4549,,In_A Off_A Off_B OS1,In_A Off_A Off_B OS1,POINT (-119.564979 34.410546),0 days 00:18:00,0.04552470172184182,POINT (-119.565461 34.410738),115.77258533261488,-10.909890633726434,6
2020-20,A69-9006-7853,5/21/2020 20:42,3637.39,6247.94,-0.455,34.410338,-119.564029,4,2.7,,,-0.4549,,In_A Off_A Off_B OS1,In_A Off_A Off_B OS1,POINT (-119.564029 34.410338),0 days 00:02:00,0.7528124627175357,POINT (-119.564979 34.410546),104.86269469888845,-22.4973112344033,2
2020-20,A69-9006-7853,5/21/2020 20:47,3810.32,6271.04,-0.607,34.410546,-119.562148,3,3.0,,,-0.6065,,In_A Off_A Off_B OS1,In_A Off_A Off_B OS1,POINT (-119.562148 34.410546),0 days 00:05:00,0.5815599667137007,POINT (-119.564029 34.410338),82.36538346448515,29.634919582240343,5
2020-20,A69-9006-7853,5/21/2020 20:48,3857.75,6251.87,-0.607,34.410374,-119.561632,3,2.8,,,-0.6065,,In_B Off_A Off_B OS1,In_B Off_A Off_B OS1,POINT (-119.561632 34.410374),0 days 00:01:00,0.8522194975855534,POINT (-119.562148 34.410546),112.00030304672549,13.405064614972048,5
2020-20,A69-9006-7853,5/21/2020 20:50,3929.58,6201.13,-0.607,34.409916,-119.560851,4,2.7,,,-0.6065,,In_B Off_B Off_C OS1,In_B Off_B Off_C OS1,POINT (-119.560851 34.409916),0 days 00:02:00,0.7330034438964287,POINT (-119.561632 34.410374),125.40536766169754,9.337016715464017,5
2020-20,A69-9006-7853,5/21/2020 20:52,4006.66,6124.99,-0.607,34.40923,-119.560012,1,3.0,,,-0.6065,,In_B Off_B OS1,In_B Off_B OS1,POINT (-119.560012 34.40923),0 days 00:02:00,0.9029648502201805,POINT (-119.560851 34.409916),134.74238437716156,4.000328667184817,5
2020-20,A69-9006-7853,5/21/2020 20:53,4031.39,6096.9,-0.455,34.408977,-119.559743,8,2.6,,,-0.4549,,In_B In_C Off_B Off_C OS1,In_B In_C Off_B Off_C OS1,POINT (-119.559743 34.408977),0 days 00:01:00,0.6234573111725225,POINT (-119.560012 34.40923),138.74271304434637,1.2471179600489677,5
2020-20,A69-9006-7853,5/21/2020 20:54,4058.29,6065.09,-0.607,34.40869,-119.559451,8,2.6,,,-0.6065,,In_B In_C Off_B Off_C OS1,In_B In_C Off_B Off_C OS1,POINT (-119.559451 34.40869),0 days 00:01:00,0.6940853350159342,POINT (-119.559743 34.408977),139.98983100439534,-8.854157862874843,5
2020-20,A69-9006-7853,5/21/2020 20:55,4093.43,6034.42,-0.607,34.408414,-119.559068,3,2.9,,,-0.6065,,In_B In_C Off_B OS1,In_B In_C Off_B OS1,POINT (-119.559068 34.408414),0 days 00:01:00,0.7776992923932754,POINT (-119.559451 34.40869),131.1356731415205,-0.45927789634436067,5
2020-20,A69-9006-7853,5/21/2020 20:56,4136.11,5997.95,-0.607,34.408085,-119.558604,9,2.5,,,-0.6065,,In_B In_C Off_B Off_C OS1,In_B In_C Off_B Off_C OS1,POINT (-119.558604 34.408085),0 days 00:01:00,0.935690300423801,POINT (-119.559068 34.408414),130.67639524517614,-5.5504260382653,5
2020-20,A69-9006-7853,5/21/2020 20:58,4185.87,5963.1,-0.455,34.407771,-119.558063,4,2.7,,,-0.4549,,In_B In_C Off_B Off_C,In_B In_C Off_B Off_C,POINT (-119.558063 34.407771),0 days 00:02:00,0.5060283323779449,POINT (-119.558604 34.408085),125.12596920691084,11.398575510206854,5
2020-20,A69-9006-7853,5/21/2020 20:59,4226.22,5920.73,-0.455,34.407389,-119.557624,4,2.7,,,-0.4549,,In_B In_C Off_B Off_C,In_B In_C Off_B Off_C,POINT (-119.557624 34.407389),0 days 00:01:00,0.9753577323631036,POINT (-119.558063 34.407771),136.5245447171177,14.691207064309026,2
2020-20,A69-9006-7853,5/21/2020 21:00,4252.76,5872.57,-0.455,34.406955,-119.557335,8,2.6,,,-0.4549,,In_B In_C Off_B Off_C OS2,In_B In_C Off_B Off_C OS2,POINT (-119.557335 34.406955),0 days 00:01:00,0.9164884123034972,POINT (-119.557624 34.407389),151.21575178142672,69.22347699813037,4
2020-20,A69-9006-7853,5/21/2020 21:02,4226.89,5842.36,-0.455,34.406682,-119.557617,1,2.9,,,-0.4549,,In_C Off_B Off_C,In_C Off_B Off_C,POINT (-119.557617 34.406682),0 days 00:02:00,0.3322224544991063,POINT (-119.557335 34.406955),220.43922877955708,114.71497766857374,4
2020-20,A69-9006-7853,5/21/2020 21:04,4211.66,5874.92,-0.607,34.406976,-119.557782,1,3.4,,,-0.6065,,In_B In_C Off_C,In_B In_C Off_C,POINT (-119.557782 34.406976),0 days 00:02:00,0.2997420872101,POINT (-119.557617 34.406682),335.1542064481308,3.6548568624099858,5
2020-20,A69-9006-7853,5/21/2020 21:05,4193.06,5922.83,-0.607,34.407408,-119.557985,1,3.4,,,-0.6065,,In_B In_C Off_C,In_B In_C Off_C,POINT (-119.557985 34.407408),0 days 00:01:00,0.8571327867383267,POINT (-119.557782 34.406976),338.8090633105408,21.687469074355704,5
2020-20,A69-9006-7853,5/21/2020 21:06,4193.54,5975.67,-0.607,34.407884,-119.55798,4,3.1,,,-0.6065,,In_B Off_B Off_C OS1,In_B Off_B Off_C OS1,POINT (-119.55798 34.407884),0 days 00:01:00,0.8800761963291168,POINT (-119.557985 34.407408),0.49653238489645446,33.20532690998908,5
2020-20,A69-9006-7853,5/21/2020 21:08,4225.35,6023.08,-0.607,34.408312,-119.557634,9,2.6,,,-0.6065,,In_B In_C Off_B Off_C OS1,In_B In_C Off_B Off_C OS1,POINT (-119.557634 34.408312),0 days 00:02:00,0.47625014454968084,POINT (-119.55798 34.407884),33.70185929488554,-18.76281721369071,2
2020-20,A69-9006-7853,5/21/2020 21:09,4238.3,6071.5,-0.455,34.408748,-119.557493,8,2.6,,,-0.4549,,In_B In_C Off_B Off_C OS1,In_B In_C Off_B Off_C OS1,POINT (-119.557493 34.408748),0 days 00:01:00,0.8345432298441661,POINT (-119.557634 34.408312),14.939042081194827,89.70647274829219,1
2020-20,A69-9006-7853,5/21/2020 21:10,4283.07,6059.83,-0.607,34.408643,-119.557006,4,2.7,,,-0.6065,,In_B In_C Off_B Off_C,In_B In_C Off_B Off_C,POINT (-119.557006 34.408643),0 days 00:01:00,0.7710828966719947,POINT (-119.557493 34.408748),104.64551482948701,-12.45540844344049,5
2020-20,A69-9006-7853,5/21/2020 21:11,4320.9,6058.42,-0.455,34.40863,-119.556594,1,3.1,,,-0.4549,,In_B In_C Off_C,In_B In_C Off_C,POINT (-119.556594 34.40863),0 days 00:01:00,0.6317790636680625,POINT (-119.557006 34.408643),92.19010638604652,14.096645640950499,2
2020-20,A69-9006-7853,5/21/2020 21:12,4359.46,6047.2,-0.455,34.408529,-119.556175,4,2.9,,,-0.4549,,In_B In_C Off_B Off_C,In_B In_C Off_B Off_C,POINT (-119.556175 34.408529),0 days 00:01:00,0.6686516574237585,POINT (-119.556594 34.40863),106.28675202699702,79.90884121796546,4
2020-20,A69-9006-7853,5/21/2020 21:13,4355.31,6009.26,-0.455,34.408187,-119.55622,4,2.8,,,-0.4549,,In_B In_C Off_B Off_C,In_B In_C Off_B Off_C,POINT (-119.55622 34.408187),0 days 00:01:00,0.6360486002394713,POINT (-119.556175 34.408529),186.1955932449625,44.33999564501303,9
2020-20,A69-9006-7853,5/21/2020 21:14,4345.54,6001.27,-0.607,34.408115,-119.556326,4,2.7,,,-0.6065,,In_B In_C Off_B Off_C,In_B In_C Off_B Off_C,POINT (-119.556326 34.408115),0 days 00:01:00,0.21000660658686268,POINT (-119.55622 34.408187),230.53558888997554,97.22729275420835,4
2020-20,A69-9006-7853,5/21/2020 21:16,4319.95,6041.82,-0.455,34.40848,-119.556605,4,2.8,,,-0.4549,,In_B In_C Off_B Off_C,In_B In_C Off_B Off_C,POINT (-119.556605 34.40848),0 days 00:02:00,0.3994251405701682,POINT (-119.556326 34.408115),327.7628816441839,-5.1038899707297105,6
2020-20,A69-9006-7853,5/21/2020 21:17,4296.18,6072.7,-0.607,34.408759,-119.556863,1,3.3,,,-0.6065,,In_B In_C Off_B,In_B In_C Off_B,POINT (-119.556863 34.408759),0 days 00:01:00,0.649899568956005,POINT (-119.556605 34.40848),322.6589916734542,24.425266191674837,5
2020-20,A69-9006-7853,5/21/2020 21:18,4288.19,6107.39,-0.455,34.409072,-119.55695,8,2.7,,,-0.4549,,In_B In_C Off_B Off_C OS1,In_B In_C Off_B Off_C OS1,POINT (-119.55695 34.409072),0 days 00:01:00,0.5938410130608494,POINT (-119.556863 34.408759),347.084257865129,8.748596250430126,2
2020-20,A69-9006-7853,5/21/2020 21:19,4285.1,6150.19,-0.607,34.409457,-119.556984,1,3.4,,,-0.6065,,In_B In_C Off_B,In_B In_C Off_B,POINT (-119.556984 34.409457),0 days 00:01:00,0.7137036503125597,POINT (-119.55695 34.409072),355.83285411555914,-97.61783850114426,1
2020-20,A69-9006-7853,5/21/2020 21:20,4262.64,6145.45,-0.607,34.409415,-119.557228,4,2.9,,,-0.6065,,In_B In_C Off_B Off_C,In_B In_C Off_B Off_C,POINT (-119.557228 34.409415),0 days 00:01:00,0.38186437547794594,POINT (-119.556984 34.409457),258.2150156144149,-4.1197083554253595,6
2020-20,A69-9006-7853,5/21/2020 21:21,4236.41,6138.08,-0.607,34.409348,-119.557513,8,2.7,,,-0.6065,,In_B In_C Off_B Off_C OS1,In_B In_C Off_B Off_C OS1,POINT (-119.557513 34.409348),0 days 00:01:00,0.45393944483973475,POINT (-119.557228 34.409415),254.09530725898952,17.38730890585822,5
2020-20,A69-9006-7853,5/21/2020 21:22,4210.59,6138.7,-0.455,34.409354,-119.557794,3,3.6,,,-0.4549,,In_B Off_B Off_C OS1,In_B Off_B Off_C OS1,POINT (-119.557794 34.409354),0 days 00:01:00,0.4307251385115673,POINT (-119.557513 34.409348),271.48261616484774,28.4484127496425,5
2020-20,A69-9006-7853,5/21/2020 21:23,4170.15,6161.89,-0.607,34.409563,-119.558234,1,4.3,,,-0.6065,,In_B Off_B OS1,In_B Off_B OS1,POINT (-119.558234 34.409563),0 days 00:01:00,0.7770987440129233,POINT (-119.557794 34.409354),299.93102891449024,41.18023581116961,5
2020-20,A69-9006-7853,5/21/2020 21:25,4150.48,6219.2,-0.455,34.410079,-119.558448,1,3.5,,,-0.4549,,In_B Off_B OS1,In_B Off_B OS1,POINT (-119.558448 34.410079),0 days 00:02:00,0.5043900409684386,POINT (-119.558234 34.409563),341.11126472565985,-14.30539388463069,5
2020-20,A69-9006-7853,5/21/2020 21:27,4125.53,6257.23,-0.607,34.410422,-119.55872,1,3.4,,,-0.6065,,In_B Off_B OS1,In_B Off_B OS1,POINT (-119.55872 34.410422),0 days 00:02:00,0.37942588972941177,POINT (-119.558448 34.410079),326.80587084102916,-5.1368744274794835,2
2020-20,A69-9006-7853,5/21/2020 21:28,4097.99,6291.81,-0.455,34.410734,-119.559019,3,3.4,,,-0.4549,,In_B Off_B Off_C OS1,In_B Off_B Off_C OS1,POINT (-119.559019 34.410734),0 days 00:01:00,0.7366456956806745,POINT (-119.55872 34.410422),321.6689964135497,-120.55366108089373,1
2020-20,A69-9006-7853,5/21/2020 21:29,4083.81,6255.34,-0.607,34.410405,-119.559173,1,3.2,,,-0.6065,,In_B Off_B OS1,In_B Off_B OS1,POINT (-119.559173 34.410405),0 days 00:01:00,0.6524341377186089,POINT (-119.559019 34.410734),201.11533533265595,-12.148582480364695,6
2020-20,A69-9006-7853,5/21/2020 21:30,4077.41,6214.72,-0.607,34.410039,-119.559243,1,3.0,,,-0.6065,,In_B Off_B OS1,In_B Off_B OS1,POINT (-119.559243 34.410039),0 days 00:01:00,0.6851203121066314,POINT (-119.559173 34.410405),188.96675285229125,4.296867827633918,5
2020-20,A69-9006-7853,5/21/2020 21:31,4066.15,6167.36,-0.455,34.409612,-119.559365,4,2.9,,,-0.4549,,In_B Off_A Off_B OS1,In_B Off_A Off_B OS1,POINT (-119.559365 34.409612),0 days 00:01:00,0.8112825795738275,POINT (-119.559243 34.410039),193.26362067992517,-11.327982660540016,5
2020-20,A69-9006-7853,5/21/2020 21:33,4064.65,6121.33,-0.607,34.409197,-119.559382,1,3.3,,,-0.6065,,In_B Off_B OS1,In_B Off_B OS1,POINT (-119.559382 34.409197),0 days 00:02:00,0.3838532708835886,POINT (-119.559365 34.409612),181.93563801938515,-11.78904755753868,5
2020-20,A69-9006-7853,5/21/2020 21:34,4074.88,6062.26,-0.607,34.408665,-119.55927,3,2.8,,,-0.6065,,In_B Off_B Off_C OS1,In_B Off_B Off_C OS1,POINT (-119.55927 34.408665),0 days 00:01:00,0.9984379892611163,POINT (-119.559382 34.409197),170.14659046184647,-6.786947163399304,5
2020-20,A69-9006-7853,5/21/2020 21:35,4092.53,6003.57,-0.607,34.408135,-119.559078,8,2.5,,,-0.6065,,In_B In_C Off_B Off_C OS1,In_B In_C Off_B Off_C OS1,POINT (-119.559078 34.408135),0 days 00:01:00,1.02309495303066,POINT (-119.55927 34.408665),163.35964329844717,-26.68906045159048,2
2020-20,A69-9006-7853,5/21/2020 21:37,4121.87,5972.59,-0.607,34.407856,-119.558759,4,2.8,,,-0.6065,,In_B Off_B Off_C OS1,In_B Off_B Off_C OS1,POINT (-119.558759 34.407856),0 days 00:02:00,0.35532282293518674,POINT (-119.559078 34.408135),136.6705828468567,-59.233676640084695,2
2020-20,A69-9006-7853,5/21/2020 21:38,4183.43,5986.2,-0.607,34.407979,-119.55809,9,2.5,,,-0.6065,,In_B In_C Off_B Off_C OS1,In_B In_C Off_B Off_C OS1,POINT (-119.55809 34.407979),0 days 00:01:00,1.0500601622079002,POINT (-119.558759 34.407856),77.436906206772,31.337003208280862,0
2020-20,A69-9006-7853,5/21/2020 21:40,4240.71,5966.74,-0.607,34.407804,-119.557466,1,3.1,,,-0.6065,,In_B In_C Off_C,In_B In_C Off_C,POINT (-119.557466 34.407804),0 days 00:02:00,0.5047205551537073,POINT (-119.55809 34.407979),108.77390941505286,2.5409429932369676,5
2020-20,A69-9006-7853,5/21/2020 21:41,4294.45,5945.89,-0.607,34.407616,-119.556882,1,2.9,,,-0.6065,,In_B In_C Off_C,In_B In_C Off_C,POINT (-119.556882 34.407616),0 days 00:01:00,0.960023670881525,POINT (-119.557466 34.407804),111.31485240828982,9.34445753472454,5
2020-20,A69-9006-7853,5/21/2020 21:42,4336.54,5921.04,-0.607,34.407392,-119.556424,1,5.1,,,-0.6065,,In_C Off_C Off_D,In_C Off_C Off_D,POINT (-119.556424 34.407392),0 days 00:01:00,0.8148983988457359,POINT (-119.556882 34.407616),120.65930994301436,9.122454695903684,5
2020-20,A69-9006-7853,5/21/2020 21:43,4368.31,5894.81,-0.607,34.407155,-119.556079,1,4.3,,,-0.6065,,In_C Off_C Off_D,In_C Off_C Off_D,POINT (-119.556079 34.407155),0 days 00:01:00,0.6866445332708635,POINT (-119.556424 34.407392),129.78176463891805,6.858944731373299,5
2020-20,A69-9006-7853,5/21/2020 21:45,4439.63,5819.56,-0.607,34.406477,-119.555303,1,3.4,,,-0.6065,,In_C Off_C Off_D,In_C Off_C Off_D,POINT (-119.555303 34.406477),0 days 00:02:00,0.8638977785892153,POINT (-119.556079 34.407155),136.64070937029135,-57.10800347417177,2
2020-20,A69-9006-7853,5/21/2020 21:48,4479.46,5826.92,-0.607,34.406543,-119.55487,7,2.6,,,-0.6065,,In_B In_C Off_C Off_D OS2,In_B In_C Off_C Off_D OS2,POINT (-119.55487 34.406543),0 days 00:03:00,0.224881464301767,POINT (-119.555303 34.406477),79.53270589611958,23.228439601349123,5
2020-20,A69-9006-7853,5/21/2020 21:50,4542.44,5812.65,-0.607,34.406415,-119.554185,7,2.6,,,-0.6065,,In_B In_C Off_C Off_D OS2,In_B In_C Off_C Off_D OS2,POINT (-119.554185 34.406415),0 days 00:02:00,0.5380108805669193,POINT (-119.55487 34.406543),102.7611454974687,5.433872912644006,5
2020-20,A69-9006-7853,5/21/2020 21:51,4602.06,5793.15,-0.607,34.406239,-119.553536,1,3.5,,,-0.6065,,In_C Off_D OS2,In_C Off_D OS2,POINT (-119.553536 34.406239),0 days 00:01:00,1.0463918318504615,POINT (-119.554185 34.406415),108.19501841011271,3.804247475381544,5
2020-20,A69-9006-7853,5/21/2020 21:52,4653.12,5772.62,-0.607,34.406054,-119.552981,2,3.2,,,-0.6065,,In_C In_D Off_D OS2,In_C In_D Off_D OS2,POINT (-119.552981 34.406054),0 days 00:01:00,0.9166718463001445,POINT (-119.553536 34.406239),111.99926588549425,-43.107828099463234,2
2020-20,A69-9006-7853,5/21/2020 21:53,4692.34,5787.74,-0.607,34.40619,-119.552554,7,2.9,,,-0.6065,,In_C In_D Off_C Off_D OS2,In_C In_D Off_C Off_D OS2,POINT (-119.552554 34.40619),0 days 00:01:00,0.7009745880213791,POINT (-119.552981 34.406054),68.89143778603102,23.84043765191177,5
2020-20,A69-9006-7853,5/21/2020 21:54,4727.39,5786.08,-0.607,34.406175,-119.552173,1,3.9,,,-0.6065,,In_C In_D Off_D OS2,In_C In_D Off_D,POINT (-119.552173 34.406175),0 days 00:01:00,0.5844946850499784,POINT (-119.552554 34.40619),92.73187543794279,6.34693485282429,5
2020-20,A69-9006-7853,5/21/2020 21:55,4764.36,5780.12,-0.607,34.406122,-119.551771,6,3.4,,,-0.6065,,In_C In_D Off_C Off_D OS2,In_C In_D Off_C Off_D OS2,POINT (-119.551771 34.406122),0 days 00:01:00,0.6237612569309127,POINT (-119.552173 34.406175),99.07881029076708,9.636314526782996,5
2020-20,A69-9006-7853,5/21/2020 21:56,4832.14,5757.34,-0.607,34.405916,-119.551034,1,4.3,,,-0.6065,,In_C In_D Off_D OS2,In_C In_D Off_D,POINT (-119.551034 34.405916),0 days 00:01:00,1.1918556606803006,POINT (-119.551771 34.406122),108.71512481755008,-29.22506059227078,2
2020-20,A69-9006-7853,5/21/2020 21:57,4868.16,5764.03,-0.607,34.405976,-119.550642,5,4.0,,,-0.6065,,In_C In_D Off_C Off_D OS2,In_C In_D Off_C Off_D OS2,POINT (-119.550642 34.405976),0 days 00:01:00,0.6108510519563747,POINT (-119.551034 34.405916),79.4900642252793,-94.70959519946382,1
2020-20,A69-9006-7853,5/21/2020 21:58,4859.7,5794.93,-0.455,34.406255,-119.550734,1,8.1,,,-0.4549,,In_D Off_C Off_D OS2,In_D Off_C Off_D,POINT (-119.550734 34.406255),0 days 00:01:00,0.5347417630751047,POINT (-119.550642 34.405976),344.7804690258155,-101.93902032983004,9
2020-20,A69-9006-7853,5/21/2020 21:59,4822.53,5775.95,-0.607,34.406084,-119.551138,5,3.7,,,-0.6065,,In_C In_D Off_C Off_D OS2,In_C In_D Off_C Off_D OS2,POINT (-119.551138 34.406084),0 days 00:01:00,0.6951346864329504,POINT (-119.550734 34.406255),242.84144869598543,45.410637593847866,0
2020-20,A69-9006-7853,5/21/2020 22:00,4783.06,5788.91,-0.607,34.406201,-119.551568,6,3.5,,,-0.6065,,In_C In_D Off_C Off_D OS2,In_C In_D Off_C Off_D OS2,POINT (-119.551568 34.406201),0 days 00:01:00,0.6935208846552817,POINT (-119.551138 34.406084),288.2520862898333,4.908311633092353,5
2020-20,A69-9006-7853,5/21/2020 22:01,4751.71,5802.21,-0.607,34.406321,-119.551908,6,3.4,,,-0.6065,,In_C In_D Off_C Off_D OS2,In_C In_D Off_C Off_D OS2,POINT (-119.551908 34.406321),0 days 00:01:00,0.5662785224417923,POINT (-119.551568 34.406201),293.16039792292565,-22.919107707974717,2
2020-20,A69-9006-7853,5/21/2020 22:03,4698.8,5802.42,-0.607,34.406323,-119.552484,5,3.4,,,-0.6065,,In_C In_D Off_D Off_E OS2,In_C In_D Off_D Off_E OS2,POINT (-119.552484 34.406323),0 days 00:02:00,0.4413282972801794,POINT (-119.551908 34.406321),270.24129021495094,-36.224922527848975,2
2020-20,A69-9006-7853,5/21/2020 22:04,4658.93,5773.6,-0.607,34.406063,-119.552918,13,2.7,,,-0.6065,,In_C In_D Off_C Off_D Off_E OS2,In_C In_D Off_C Off_D Off_E OS2,POINT (-119.552918 34.406063),0 days 00:01:00,0.8205869410024706,POINT (-119.552484 34.406323),234.01636768710196,36.86944942737878,5
2020-20,A69-9006-7853,5/21/2020 22:05,4622.81,5774.22,-0.607,34.406068,-119.55331,4,2.9,,,-0.6065,,In_C Off_C Off_D OS2,In_C Off_C Off_D OS2,POINT (-119.55331 34.406068),0 days 00:01:00,0.600764536759812,POINT (-119.552918 34.406063),270.88581711448074,-4.592486919035196,2
2020-20,A69-9006-7853,5/21/2020 22:07,4581.57,5771.53,-0.607,34.406044,-119.553759,1,3.2,,,-0.6065,,In_C Off_C OS2,In_C Off_C OS2,POINT (-119.553759 34.406044),0 days 00:02:00,0.3447342549828125,POINT (-119.55331 34.406068),266.29333019544555,64.73061978208017,0
2020-20,A69-9006-7853,5/21/2020 22:08,4563.34,5804.26,-0.607,34.406339,-119.553957,7,2.7,,,-0.6065,,In_B In_C Off_C Off_D OS2,In_B In_C Off_C Off_D OS2,POINT (-119.553957 34.406339),0 days 00:01:00,0.6241188929883584,POINT (-119.553759 34.406044),331.0239499775257,-31.144634834060867,2
2020-20,A69-9006-7853,5/21/2020 22:09,4520.88,5828.55,-0.607,34.406558,-119.554419,4,2.8,,,-0.6065,,In_C Off_C Off_D OS2,In_C Off_C Off_D OS2,POINT (-119.554419 34.406558),0 days 00:01:00,0.8155622211798477,POINT (-119.553957 34.406339),299.87931514346485,38.00258844916641,5
2020-20,A69-9006-7853,5/21/2020 22:11,4502.47,5873.59,-0.607,34.406964,-119.554619,4,2.8,,,-0.6065,,In_C Off_C Off_D OS2,In_C Off_C Off_D OS2,POINT (-119.554619 34.406964),0 days 00:02:00,0.4053897881274632,POINT (-119.554419 34.406558),337.88190359263126,9.666682835986535,2
2020-20,A69-9006-7853,5/21/2020 22:24,4444.98,6133.09,-0.455,34.409303,-119.555245,4,4.0,,,-0.4549,,In_B In_C Off_B Off_C,In_B In_C Off_B Off_C,POINT (-119.555245 34.409303),0 days 00:13:00,0.34073275360680916,POINT (-119.554619 34.406964),347.5485864286178,-168.9745578320825,1
2020-20,A69-9006-7853,5/21/2020 22:25,4446.22,6081.59,-0.607,34.408839,-119.555231,2,3.5,,,-0.6065,,In_B In_C Off_C OS2,In_B In_C Off_C OS2,POINT (-119.555231 34.408839),0 days 00:01:00,0.858125282971783,POINT (-119.555245 34.409303),178.5740285965353,19.93797006202709,0
2020-20,A69-9006-7853,5/21/2020 22:27,4418.13,5997.96,-0.607,34.408085,-119.555537,1,3.1,,,-0.6065,,In_B In_C Off_C,In_B In_C Off_C,POINT (-119.555537 34.408085),0 days 00:02:00,0.7353822014674912,POINT (-119.555231 34.408839),198.5119986585624,-37.37827950495381,2
2020-20,A69-9006-7853,5/21/2020 22:29,4444.92,5919.76,-0.607,34.40738,-119.555245,1,3.4,,,-0.6065,,In_C Off_C OS2,In_C Off_C OS2,POINT (-119.555245 34.40738),0 days 00:02:00,0.6890436417916025,POINT (-119.555537 34.408085),161.13371915360858,-27.225195834565966,2
2020-20,A69-9006-7853,5/21/2020 22:30,4479.77,5886.3,-0.607,34.407079,-119.554866,4,2.9,,,-0.6065,,In_C Off_C Off_D OS2,In_C Off_C Off_D OS2,POINT (-119.554866 34.407079),0 days 00:01:00,0.8043487613626524,POINT (-119.555245 34.40738),133.90852331904262,-6.457992280501173,2
2020-20,A69-9006-7853,5/21/2020 22:34,4606.98,5789.37,-0.607,34.406205,-119.553483,7,2.7,,,-0.6065,,In_C In_D Off_C Off_D OS2,In_C In_D Off_C Off_D OS2,POINT (-119.553483 34.406205),0 days 00:04:00,0.6662561894365742,POINT (-119.554866 34.407079),127.45053103854144,-178.56703484687228,1
2020-20,A69-9006-7853,5/21/2020 22:35,4583.89,5807.96,-0.607,34.406372,-119.553734,4,2.9,,,-0.6065,,In_C Off_C Off_D OS2,In_C Off_C Off_D OS2,POINT (-119.553734 34.406372),0 days 00:01:00,0.493221019973898,POINT (-119.553483 34.406205),308.88349619166917,33.21841918987508,9
2020-20,A69-9006-7853,5/21/2020 22:36,4572.12,5844.17,-0.607,34.406699,-119.553862,1,3.2,,,-0.6065,,In_C Off_C OS2,In_C Off_C OS2,POINT (-119.553862 34.406699),0 days 00:01:00,0.6355893110173512,POINT (-119.553734 34.406372),342.10191538154425,-145.45467006883734,4
2020-20,A69-9006-7853,5/21/2020 22:38,4567.1,5827.69,-0.607,34.40655,-119.553916,2,2.9,,,-0.6065,,In_C In_D Off_C OS2,In_C In_D Off_C OS2,POINT (-119.553916 34.40655),0 days 00:02:00,0.14381760634793564,POINT (-119.553862 34.406699),196.6472453127069,-66.59151032845938,9
2020-20,A69-9006-7853,5/21/2020 22:39,4603.5,5797.29,-0.607,34.406276,-119.553521,1,3.6,,,-0.6065,,In_C Off_D OS2,In_C Off_D OS2,POINT (-119.553521 34.406276),0 days 00:01:00,0.7893010160529284,POINT (-119.553916 34.40655),130.05573498424752,64.78740852055475,9
2020-20,A69-9006-7853,5/21/2020 22:42,4598.62,5778.99,-0.607,34.406111,-119.553574,12,2.5,,,-0.6065,,In_B In_C In_D Off_C Off_D OS2,In_B In_C In_D Off_C Off_D OS2,POINT (-119.553574 34.406111),0 days 00:03:00,0.10522763681545969,POINT (-119.553521 34.406276),194.84314350480227,-60.108111761211745,9
2020-20,A69-9006-7853,5/21/2020 22:43,4621.71,5756.05,-0.607,34.405905,-119.553322,2,3.0,,,-0.6065,,In_C In_D Off_D OS2,In_C In_D Off_D OS2,POINT (-119.553322 34.405905),0 days 00:01:00,0.5423773554407131,POINT (-119.553574 34.406111),134.73503174359053,-80.15047246688766,9
2020-20,A69-9006-7853,5/21/2020 22:44,4670.0,5790.28,-0.607,34.406213,-119.552797,2,3.3,,,-0.6065,,In_C In_D Off_D OS2,In_C In_D Off_D OS2,POINT (-119.552797 34.406213),0 days 00:01:00,0.9856377021756143,POINT (-119.553322 34.405905),54.58455927670286,117.45484074717194,4
2020-20,A69-9006-7853,5/21/2020 22:45,4672.76,5770.67,-0.607,34.406036,-119.552767,4,3.1,,,-0.6065,,In_C Off_C Off_D OS2,In_C Off_C Off_D OS2,POINT (-119.552767 34.406036),0 days 00:01:00,0.33045602032854215,POINT (-119.552797 34.406213),172.0394000238748,-142.82156061051268,4
2020-20,A69-9006-7853,5/21/2020 22:47,4685.73,5793.73,-0.607,34.406244,-119.552626,7,2.9,,,-0.6065,,In_C In_D Off_C Off_D OS2,In_C In_D Off_C Off_D OS2,POINT (-119.552626 34.406244),0 days 00:02:00,0.22054930267019132,POINT (-119.552767 34.406036),29.217839413362128,-175.0915017851926,4
2020-20,A69-9006-7853,5/21/2020 22:48,4683.63,5790.58,-0.607,34.406216,-119.552649,2,3.4,,,-0.6065,,In_C In_D Off_C OS2,In_C In_D Off_C OS2,POINT (-119.552649 34.406216),0 days 00:01:00,0.06262613802135629,POINT (-119.552626 34.406244),214.12633762816952,173.17103135943557,4
2020-20,A69-9006-7853,5/21/2020 22:49,4697.62,5817.53,-0.607,34.406459,-119.552497,4,3.6,,,-0.6065,,In_C Off_C Off_D OS2,In_C Off_C Off_D OS2,POINT (-119.552497 34.406459),0 days 00:01:00,0.5060550784966984,POINT (-119.552649 34.406216),27.29736898760507,110.2592675789503,4
2020-20,A69-9006-7853,5/21/2020 22:51,4706.1,5808.31,-0.607,34.406376,-119.552405,7,3.1,,,-0.6065,,In_C In_D Off_C Off_D OS2,In_C In_D Off_C Off_D OS2,POINT (-119.552405 34.406376),0 days 00:02:00,0.10419056811188265,POINT (-119.552497 34.406459),137.55663656655537,42.67172954815982,9
2020-20,A69-9006-7853,5/21/2020 22:52,4705.94,5785.41,-0.607,34.406169,-119.552406,7,3.0,,,-0.6065,,In_C In_D Off_C Off_D OS2,In_C In_D Off_C Off_D OS2,POINT (-119.552406 34.406169),0 days 00:01:00,0.3827106894802793,POINT (-119.552405 34.406376),180.2283661147152,-44.72449998784043,2
2020-20,A69-9006-7853,5/21/2020 22:54,4718.05,5773.22,-0.607,34.406059,-119.552275,3,4.1,,,-0.6065,,In_C Off_C Off_D OS2,In_C Off_C Off_D OS2,POINT (-119.552275 34.406059),0 days 00:02:00,0.1428785490470698,POINT (-119.552406 34.406169),135.50386612687475,-123.1570321432975,4
2020-20,A69-9006-7853,5/21/2020 22:56,4719.19,5778.59,-0.607,34.406108,-119.552262,6,3.1,,,-0.6065,,In_C In_D Off_C Off_D OS2,In_C In_D Off_C Off_D OS2,POINT (-119.552262 34.406108),0 days 00:02:00,0.0463785175277724,POINT (-119.552275 34.406059),12.346833983577255,153.01097040383667,4
2020-20,A69-9006-7853,5/21/2020 22:58,4720.97,5771.91,-0.607,34.406048,-119.552243,6,3.1,,,-0.6065,,In_C In_D Off_C Off_D OS2,In_C In_D Off_C Off_D OS2,POINT (-119.552243 34.406048),0 days 00:02:00,0.05734349286273298,POINT (-119.552262 34.406108),165.35780438741392,-50.05099898276637,9
2020-20,A69-9006-7853,5/21/2020 22:59,4758.16,5754.47,-0.607,34.40589,-119.551838,1,3.9,,,-0.6065,,In_C In_D Off_D OS2,In_C In_D Off_D,POINT (-119.551838 34.40589),0 days 00:01:00,0.6859258259383978,POINT (-119.552243 34.406048),115.30680540464755,-18.173078167571134,9
2020-20,A69-9006-7853,5/21/2020 23:02,4792.03,5750.23,-0.607,34.405852,-119.55147,5,3.4,,,-0.6065,,In_C In_D Off_C Off_D OS2,In_C In_D Off_C Off_D OS2,POINT (-119.55147 34.405852),0 days 00:03:00,0.18942569923301575,POINT (-119.551838 34.40589),97.13372723707641,154.26949669202713,4
2020-20,A69-9006-7853,5/21/2020 23:03,4761.19,5739.86,-0.607,34.405759,-119.551805,1,3.8,,,-0.6065,,In_C In_D Off_D OS2,In_C In_D Off_D,POINT (-119.551805 34.405759),0 days 00:01:00,0.5413789949121595,POINT (-119.55147 34.405852),251.40322392910355,-117.91982240425602,9
2020-20,A69-9006-7853,5/21/2020 23:09,4798.02,5705.16,-0.455,34.405446,-119.551405,1,3.8,,,-0.4549,,In_C In_D Off_D OS2,In_C In_D Off_D,POINT (-119.551405 34.405446),0 days 00:06:00,0.14049410666132725,POINT (-119.551805 34.405759),133.48340152484752,-63.02777169307109,9
2020-20,A69-9006-7853,5/21/2020 23:10,4820.0,5712.99,-0.607,34.405516,-119.551166,1,3.9,,,-0.6065,,In_C In_D Off_D OS2,In_C In_D Off_D,POINT (-119.551166 34.405516),0 days 00:01:00,0.38843527685303125,POINT (-119.551405 34.405446),70.45562983177643,4.021259495477807,9
2020-20,A69-9006-7853,5/21/2020 23:15,4837.66,5717.85,-0.607,34.40556,-119.550974,1,4.1,,,-0.6065,,In_C In_D Off_D OS2,In_C In_D Off_D,POINT (-119.550974 34.40556),0 days 00:05:00,0.06105158798339448,POINT (-119.551166 34.405516),74.47688932725424,-75.80826371762362,2
2020-20,A69-9006-7853,5/21/2020 23:16,4837.28,5733.58,-0.607,34.405702,-119.550978,5,3.6,,,-0.6065,,In_C In_D Off_D Off_E OS2,In_C In_D Off_D Off_E OS2,POINT (-119.550978 34.405702),0 days 00:01:00,0.2626052489555263,POINT (-119.550974 34.40556),358.6686256096306,-140.74196938602688,4
2020-20,A69-9006-7853,5/21/2020 23:19,4798.23,5683.72,-0.607,34.405252,-119.551403,4,3.3,,,-0.6065,,In_C In_D Off_C Off_D OS2,In_C In_D Off_C Off_D,POINT (-119.551403 34.405252),0 days 00:03:00,0.3521879488410605,POINT (-119.550978 34.405702),217.92665622360374,31.999328667089543,9
2020-20,A69-9006-7853,5/21/2020 23:20,4761.63,5670.39,-0.607,34.405132,-119.551801,4,3.1,,,-0.6065,,In_C In_D Off_C Off_D OS2,In_C In_D Off_C Off_D,POINT (-119.551801 34.405132),0 days 00:01:00,0.6489933378784638,POINT (-119.551403 34.405252),249.9259848906933,98.39787498489613,4
2020-20,A69-9006-7853,5/21/2020 23:22,4749.46,5728.78,-0.607,34.405659,-119.551933,6,3.1,,,-0.6065,,In_C In_D Off_C Off_D OS2,In_C In_D Off_C Off_D OS2,POINT (-119.551933 34.405659),0 days 00:02:00,0.4975540011822229,POINT (-119.551801 34.405132),348.32385987558945,31.418216777890677,9
2020-20,A69-9006-7853,5/21/2020 23:23,4758.4,5753.53,-0.607,34.405882,-119.551836,2,4.0,,,-0.6065,,In_C In_D Off_C OS2,In_C In_D Off_C OS2,POINT (-119.551836 34.405882),0 days 00:01:00,0.4382652074336756,POINT (-119.551933 34.405659),19.742076653480126,66.74947199828694,9
2020-20,A69-9006-7853,5/21/2020 23:25,4782.0,5754.97,-0.607,34.405895,-119.551579,10,3.1,,,-0.6065,,In_C In_D Off_C Off_D Off_E OS2,In_C In_D Off_C Off_D Off_E OS2,POINT (-119.551579 34.405895),0 days 00:02:00,0.19727775895261215,POINT (-119.551836 34.405882),86.49154865176706,103.47882068864948,4
2020-20,A69-9006-7853,5/21/2020 23:28,4775.12,5715.89,-0.607,34.405543,-119.551654,5,3.2,,,-0.6065,,In_C In_D Off_C Off_D OS2,In_C In_D Off_C Off_D OS2,POINT (-119.551654 34.405543),0 days 00:03:00,0.2202860323411626,POINT (-119.551579 34.405895),189.97036934041654,137.96991092298043,4
2020-20,A69-9006-7853,5/21/2020 23:32,4756.03,5746.28,-0.607,34.405817,-119.551862,6,3.2,,,-0.6065,,In_C In_D Off_C Off_D OS2,In_C In_D Off_C Off_D OS2,POINT (-119.551862 34.405817),0 days 00:04:00,0.14962777080610745,POINT (-119.551654 34.405543),327.94028026339697,145.07070517811968,4
2020-20,A69-9006-7853,5/21/2020 23:34,4790.14,5731.89,-0.607,34.405687,-119.551491,1,3.9,,,-0.6065,,In_C In_D Off_D OS2,In_C In_D Off_D,POINT (-119.551491 34.405687),0 days 00:02:00,0.3086166520509555,POINT (-119.551862 34.405817),113.01098544151665,73.91967055363216,4
2020-20,A69-9006-7853,5/21/2020 23:40,4782.71,5671.68,-0.607,34.405144,-119.551571,1,5.3,,,-0.6065,,In_D Off_C Off_D OS2,In_D Off_C Off_D,POINT (-119.551571 34.405144),0 days 00:06:00,0.16856189855177653,POINT (-119.551491 34.405687),186.9306559951488,-91.85250788931745,9
2020-20,A69-9006-7853,5/21/2020 23:41,4827.86,5667.64,-0.607,34.405108,-119.55108,1,3.8,,,-0.6065,,In_C In_D Off_D OS2,In_C In_D Off_D,POINT (-119.55108 34.405108),0 days 00:01:00,0.7553456664893624,POINT (-119.551571 34.405144),95.07814810583136,-20.418640659375114,9
2020-20,A69-9006-7853,5/21/2020 23:42,4850.19,5673.79,-0.607,34.405163,-119.550837,1,6.2,,,-0.6065,,In_D Off_C Off_D OS2,In_D Off_C Off_D,POINT (-119.550837 34.405163),0 days 00:01:00,0.3860070142883109,POINT (-119.55108 34.405108),74.65950744645625,-143.53549042135091,4
2020-20,A69-9006-7853,5/21/2020 23:46,4785.08,5698.81,-0.607,34.405389,-119.551546,1,3.7,,,-0.6065,,In_C In_D Off_D OS2,In_C In_D Off_D,POINT (-119.551546 34.405389),0 days 00:04:00,0.2910111702548379,POINT (-119.550837 34.405163),291.12401702510533,53.498666603358345,9
2020-20,A69-9006-7853,5/21/2020 23:50,4783.94,5702.85,-0.607,34.405425,-119.551558,1,3.7,,,-0.6065,,In_C In_D Off_D OS2,In_C In_D Off_D,POINT (-119.551558 34.405425),0 days 00:04:00,0.017262840723977855,POINT (-119.551546 34.405389),344.6226836284637,122.72999721871548,4
2020-20,A69-9006-7853,5/21/2020 23:55,4831.0,5688.18,-0.607,34.405293,-119.551046,4,4.3,,,-0.6065,,In_D Off_C Off_D Off_E OS2,In_D Off_C Off_D Off_E OS2,POINT (-119.551046 34.405293),0 days 00:05:00,0.16433294862008138,POINT (-119.551558 34.405425),107.35268084717916,-166.0223410097871,4
2020-20,A69-9006-7853,5/21/2020 23:56,4810.52,5700.62,-0.607,34.405405,-119.551269,2,4.8,,,-0.6065,,In_C In_D Off_C OS2,In_C In_D Off_C OS2,POINT (-119.551269 34.405405),0 days 00:01:00,0.3995656763486425,POINT (-119.551046 34.405293),301.33033983739205,115.37659724706845,4
2020-20,A69-9006-7853,5/21/2020 23:57,4835.76,5717.13,-0.607,34.405554,-119.550994,5,3.5,,,-0.6065,,In_C In_D Off_D Off_E OS2,In_C In_D Off_D Off_E OS2,POINT (-119.550994 34.405554),0 days 00:01:00,0.5034592796405025,POINT (-119.551269 34.405405),56.70693708446049,-141.69851577270276,4
2020-20,A69-9006-7853,5/21/2020 23:59,4745.5,5725.0,-0.607,34.405625,-119.551976,1,3.6,,,-0.6065,,In_C In_D Off_D OS2,In_C In_D Off_D,POINT (-119.551976 34.405625),0 days 00:02:00,0.7552606390738156,POINT (-119.550994 34.405554),275.00842131175773,22.896677847464616,5
2020-20,A69-9006-7853,5/22/2020 0:00,4704.72,5746.56,-0.607,34.405819,-119.55242,2,3.5,,,-0.6065,,In_C In_D Off_C OS2,In_C In_D Off_C OS2,POINT (-119.55242 34.405819),0 days 00:01:00,0.7691314232527001,POINT (-119.551976 34.405625),297.90509915922235,0.0,5
