t,TRANSMITTER,DETECTEDID,DATETIME,X,Y,D,LAT,LON,n,HPE,HPEm,TEMP,DEPTH,ACCEL,DRX,URX,geometry,TIMEDELTA,speed,prev_pt,direction,turning_angle,state
2020-07-07 07:01:00,2020-04,A69-9001-4985,7/7/2020 7:01,3555.88,5798.59,5.0,34.406287,-119.564915,1,12.6,,,,,Off_A Off_B OS1,Off_A Off_B OS1,POINT (-119.564915 34.406287),0 days 00:00:00,1.1546290596187316,,112.66750781258202,0.0,0
2020-07-07 07:05:00,2020-04,A69-9001-4985,7/7/2020 7:05,3811.72,5692.17,5.0,34.405328,-119.562132,5,4.8,,,,,In_B Off_A Off_B Off_C OS1,In_B Off_A Off_B Off_C OS1,POINT (-119.562132 34.405328),0 days 00:04:00,1.1546290596187316,POINT (-119.564915 34.406287),112.66750781258202,-2.9754913148303865,0
2020-07-07 07:07:00,2020-04,A69-9001-4985,7/7/2020 7:07,3926.96,5651.13,5.0,34.404958,-119.560879,1,9.4,,,,,In_B Off_B Off_C,In_B Off_B Off_C,POINT (-119.560879 34.404958),0 days 00:02:00,1.0191553683840775,POINT (-119.562132 34.405328),109.69201649775164,3.169983701279525,0
2020-07-07 07:10:00,2020-04,A69-9001-4985,7/7/2020 7:10,4063.79,5593.64,5.0,34.40444,-119.55939,2,8.9,,,,,In_B In_C Off_B Off_C,In_B In_C Off_B Off_C,POINT (-119.55939 34.40444),0 days 00:03:00,0.8248616979496728,POINT (-119.560879 34.404958),112.86200019903117,0.9223515474054212,0
2020-07-07 07:11:00,2020-04,A69-9001-4985,7/7/2020 7:11,4168.02,5547.88,5.0,34.404028,-119.558257,1,14.7,,,,,In_B In_C Off_B,In_B In_C Off_B,POINT (-119.558257 34.404028),0 days 00:01:00,1.89596753700695,POINT (-119.55939 34.40444),113.78435174643658,2.9786126191529063,0
2020-07-07 07:14:00,2020-04,A69-9001-4985,7/7/2020 7:14,4278.68,5492.28,5.0,34.403527,-119.557053,4,3.6,,,,,In_C In_D Off_B Off_C Off_D,In_C In_D Off_B Off_C Off_D,POINT (-119.557053 34.403527),0 days 00:03:00,0.6881638337571614,POINT (-119.558257 34.404028),116.76296436558948,20.081474552406572,0
2020-07-07 07:16:00,2020-04,A69-9001-4985,7/7/2020 7:16,4372.94,5392.28,5.0,34.402625,-119.556028,3,5.1,,,,,In_C Off_C Off_D OS2,In_C Off_C Off_D OS2,POINT (-119.556028 34.402625),0 days 00:02:00,1.1454559991984568,POINT (-119.557053 34.403527),136.84443891799606,16.98574493869784,0
2020-07-07 07:18:00,2020-04,A69-9001-4985,7/7/2020 7:18,4427.32,5282.04,5.0,34.401631,-119.555436,4,4.0,,,,,In_D Off_C Off_D Off_E OS2,In_D Off_C Off_D Off_E OS2,POINT (-119.555436 34.401631),0 days 00:02:00,1.0247320765953398,POINT (-119.556028 34.402625),153.8301838566939,-21.06089083717575,0
2020-07-07 07:42:00,2020-04,A69-9001-4985,7/7/2020 7:42,4863.59,4880.28,5.0,34.39801,-119.550692,4,4.2,,,,,In_D In_E Off_E Off_F,In_D In_E Off_E Off_F,POINT (-119.550692 34.39801),0 days 00:24:00,0.4117899677483447,POINT (-119.555436 34.401631),132.76929301951816,-69.78866140888972,0
2020-07-07 07:51:00,2020-04,A69-9001-4985,7/7/2020 7:51,5112.47,5006.63,5.0,34.399149,-119.547985,10,2.5,,,,,In_D In_E Off_E Off_F PB,In_D In_E Off_E Off_F PB,POINT (-119.547985 34.399149),0 days 00:09:00,0.5169319850291592,POINT (-119.550692 34.39801),62.98063161062845,41.1160916842269,0
2020-07-07 07:54:00,2020-04,A69-9001-4985,7/7/2020 7:54,5252.7,4971.59,5.0,34.398833,-119.54646,4,3.4,,,,,In_D In_E Off_E Off_F,In_D In_E Off_E Off_F,POINT (-119.54646 34.398833),0 days 00:03:00,0.8029983542533301,POINT (-119.547985 34.399149),104.09672329485534,99.29361713423967,0
2020-07-07 07:56:00,2020-04,A69-9001-4985,7/7/2020 7:56,5217.82,4891.44,5.0,34.39811,-119.546839,7,2.7,,,,,In_E In_F Off_E Off_F PB,In_E In_F Off_E Off_F PB,POINT (-119.546839 34.39811),0 days 00:02:00,0.7287196131839043,POINT (-119.54646 34.398833),203.39034042909503,-26.441530128871424,0
2020-07-07 08:01:00,2020-04,A69-9001-4985,7/7/2020 8:01,5231.85,4630.43,5.0,34.395757,-119.546687,1,3.6,,,,,In_F Off_F Off_G,In_F Off_F Off_G,POINT (-119.546687 34.395757),0 days 00:05:00,0.8713041215878499,POINT (-119.546839 34.39811),176.9488103002236,66.16495813826351,0
2020-07-07 17:33:00,2020-04,A69-9001-4985,7/7/2020 17:33,4934.94,4480.49,5.0,34.394406,-119.549916,1,193.2,,,,,In_D Off_F PB,In_D Off_F PB,POINT (-119.549916 34.394406),0 days 09:32:00,0.0096911362986199,POINT (-119.546687 34.395757),243.1137684384871,-168.17036727154274,1
2020-07-07 20:43:00,2020-04,A69-9001-4985,7/7/2020 20:43,5321.01,4583.91,5.0,34.395338,-119.545717,4,3.0,,,,,In_E In_F Off_F Off_G,In_E In_F Off_F Off_G,POINT (-119.545717 34.395338),0 days 03:10:00,0.03506326081298409,POINT (-119.549916 34.394406),74.94340116694434,4.41078705003281,1
2020-07-07 20:46:00,2020-04,A69-9001-4985,7/7/2020 20:46,5433.67,4604.96,5.0,34.395528,-119.544492,1,4.3,,,,,In_E In_F Off_G,In_E In_F Off_G,POINT (-119.544492 34.395528),0 days 00:03:00,0.636661658322004,POINT (-119.545717 34.395338),79.35418821697715,51.474871571487924,0
2020-07-07 22:29:00,2020-04,A69-9001-4985,7/7/2020 22:29,5464.11,4578.83,5.0,34.395292,-119.544161,1,4.8,,,,,In_E In_F Off_G,In_E In_F Off_G,POINT (-119.544161 34.395292),0 days 01:43:00,0.006496249621949829,POINT (-119.544492 34.395528),130.8290597884651,-5.34499788565335,1
2020-07-07 22:40:00,2020-04,A69-9001-4985,7/7/2020 22:40,5471.95,4573.24,5.0,34.395242,-119.544076,1,3.7,,,,,In_F Off_F Off_G,In_F Off_F Off_G,POINT (-119.544076 34.395242),0 days 00:11:00,0.014521411463521266,POINT (-119.544161 34.395292),125.48406190281173,-84.90091293957504,1
2020-07-07 22:47:00,2020-04,A69-9001-4985,7/7/2020 22:47,5481.94,4584.94,5.0,34.395347,-119.543967,1,5.0,,,,,In_E In_F Off_G,In_E In_F Off_G,POINT (-119.543967 34.395347),0 days 00:07:00,0.03658682638464933,POINT (-119.544076 34.395242),40.58314896323668,-102.27817214243099,1
2020-07-08 06:16:00,2020-04,A69-9001-4985,7/8/2020 6:16,4635.36,5038.71,5.0,34.399438,-119.553174,1,7.5,,,,,In_D Off_D Off_E,In_D Off_D Off_E,POINT (-119.553174 34.399438),0 days 07:29:00,0.03565574852300124,POINT (-119.543967 34.395347),298.3049768208057,43.414931775454576,1
2020-07-08 07:18:00,2020-04,A69-9001-4985,7/8/2020 7:18,4494.25,5464.05,5.0,34.403272,-119.554709,2,3.5,,,,,In_C Off_C Off_D Off_E,In_C Off_C Off_D Off_E,POINT (-119.554709 34.403272),0 days 01:02:00,0.12046019831334334,POINT (-119.553174 34.399438),341.71990859626027,81.22371062014506,1
2020-07-08 07:19:00,2020-04,A69-9001-4985,7/8/2020 7:19,4560.31,5497.64,5.0,34.403575,-119.55399,4,2.8,,,,,In_C Off_C Off_D OS2,In_C Off_C Off_D OS2,POINT (-119.55399 34.403575),0 days 00:01:00,1.2360495083918377,POINT (-119.554709 34.403272),62.94361921640541,-18.093555884862656,0
2020-07-08 07:21:00,2020-04,A69-9001-4985,7/8/2020 7:21,4610.97,5548.31,5.0,34.404032,-119.553439,4,2.8,,,,,In_C In_D Off_C Off_D,In_C In_D Off_C Off_D,POINT (-119.553439 34.404032),0 days 00:02:00,0.5972504528197891,POINT (-119.55399 34.403575),44.85006333154274,-67.2337901649247,0
2020-07-08 07:22:00,2020-04,A69-9001-4985,7/8/2020 7:22,4583.8,5614.17,5.0,34.404625,-119.553735,4,2.6,,,,,In_C Off_C Off_D OS2,In_C Off_C Off_D OS2,POINT (-119.553735 34.404625),0 days 00:01:00,1.1864833083303699,POINT (-119.553439 34.404032),337.61627316661804,-21.7913624946902,0
2020-07-08 07:26:00,2020-04,A69-9001-4985,7/8/2020 7:26,4463.7,5737.09,5.0,34.405734,-119.555041,1,3.2,,,,,In_C Off_C Off_D,In_C Off_C Off_D,POINT (-119.555041 34.405734),0 days 00:04:00,0.7162918771432359,POINT (-119.553735 34.404625),315.82491067192785,-20.225063866319644,0
2020-07-08 07:39:00,2020-04,A69-9001-4985,7/8/2020 7:39,3970.34,5972.45,5.0,34.407855,-119.560407,1,4.6,,,,,In_B Off_B OS1,In_B Off_B OS1,POINT (-119.560407 34.407855),0 days 00:13:00,0.7007590211487668,POINT (-119.555041 34.405734),295.5998468056082,-10.413428542783087,0
2020-07-08 08:02:00,2020-04,A69-9001-4985,7/8/2020 8:02,3544.57,6087.51,5.0,34.408892,-119.565038,1,3.8,,,,,Off_A Off_B OS1,Off_A Off_B OS1,POINT (-119.565038 34.408892),0 days 00:23:00,0.31959548225976697,POINT (-119.560407 34.407855),285.1864182628251,0.33678439663151455,1
2020-07-08 08:11:00,2020-04,A69-9001-4985,7/8/2020 8:11,3270.16,6163.52,5.0,34.409576,-119.568023,2,9.5,,,,,In_A Off_A Off_B OS1,In_A Off_A Off_B OS1,POINT (-119.568023 34.409576),0 days 00:09:00,0.5272869503657907,POINT (-119.565038 34.408892),285.5232026594566,-173.7521165575582,1
2020-07-08 09:09:00,2020-04,A69-9001-4985,7/8/2020 9:09,3632.0,6019.5,5.0,34.408279,-119.564087,3,3.6,,,,,In_A Off_A Off_B OS1,In_A Off_A Off_B OS1,POINT (-119.564087 34.408279),0 days 00:58:00,0.11190441199420467,POINT (-119.568023 34.409576),111.77108610189839,26.60726031403375,1
2020-07-08 09:14:00,2020-04,A69-9001-4985,7/8/2020 9:14,3777.41,5856.56,5.0,34.40681,-119.562505,1,8.0,,,,,In_B Off_B Off_C OS1,In_B Off_C OS1,POINT (-119.562505 34.40681),0 days 00:05:00,0.728091974603927,POINT (-119.564087 34.408279),138.37834641593213,5.119017860244872,0
2020-07-08 09:41:00,2020-04,A69-9001-4985,7/8/2020 9:41,4436.94,4969.3,5.0,34.398812,-119.555332,1,22.2,,,,,Off_D Off_E OS2,Off_D Off_E OS2,POINT (-119.555332 34.398812),0 days 00:27:00,0.6824083520395782,POINT (-119.562505 34.40681),143.497364276177,-41.549293205791294,0
2020-07-08 09:50:00,2020-04,A69-9001-4985,7/8/2020 9:50,4814.45,4889.78,5.0,34.398095,-119.551226,1,4.9,,,,,In_D Off_D Off_E PB,In_D Off_D PB,POINT (-119.551226 34.398095),0 days 00:09:00,0.714515570049059,POINT (-119.555332 34.398812),101.94807107038571,16.61734782330979,0
2020-07-08 10:49:00,2020-04,A69-9001-4985,7/8/2020 10:49,5059.06,4757.2,5.0,34.3969,-119.548566,1,5.7,,,,,Off_E Off_F PB,Off_E Off_F PB,POINT (-119.548566 34.3969),0 days 00:59:00,0.0785890213558208,POINT (-119.551226 34.398095),118.5654188936955,-45.40602497434883,1
2020-07-08 10:52:00,2020-04,A69-9001-4985,7/8/2020 10:52,5154.4,4785.86,5.0,34.397159,-119.547529,2,6.4,,,,,In_D In_E Off_F PB,In_D In_E Off_F PB,POINT (-119.547529 34.397159),0 days 00:03:00,0.5532740265710859,POINT (-119.548566 34.3969),73.15939391934666,-1.5715652942266853,0
2020-07-08 10:54:00,2020-04,A69-9001-4985,7/8/2020 10:54,5240.1,4814.35,5.0,34.397415,-119.546597,2,6.6,,,,,In_D In_E Off_F PB,In_D In_E Off_F PB,POINT (-119.546597 34.397415),0 days 00:02:00,0.7523520556203722,POINT (-119.547529 34.397159),71.58782862511998,-2.4694544994148466,0
2020-07-08 10:57:00,2020-04,A69-9001-4985,7/8/2020 10:57,5340.83,4852.56,5.0,34.39776,-119.545501,3,3.0,,,,,In_E In_F Off_E Off_F,In_E In_F Off_E Off_F,POINT (-119.545501 34.39776),0 days 00:03:00,0.5988972506571344,POINT (-119.546597 34.397415),69.11837412570515,82.33137340207827,0
2020-07-08 10:59:00,2020-04,A69-9001-4985,7/8/2020 10:59,5396.44,4751.01,5.0,34.396844,-119.544897,2,3.6,,,,,In_E In_F Off_F PB,In_E In_F Off_F PB,POINT (-119.544897 34.396844),0 days 00:02:00,0.964995264190739,POINT (-119.545501 34.39776),151.44974752778342,99.61822077458277,0
2020-07-08 11:53:00,2020-04,A69-9001-4985,7/8/2020 11:53,5096.58,4648.52,5.0,34.395921,-119.548158,1,31.6,,,,,Off_E Off_F PB,Off_E Off_F PB,POINT (-119.548158 34.395921),0 days 00:54:00,0.09779590759613896,POINT (-119.544897 34.396844),251.06796830236618,135.5334846701102,1
2020-07-08 11:58:00,2020-04,A69-9001-4985,7/8/2020 11:58,5149.82,4754.35,5.0,34.396875,-119.547579,1,4.6,,,,,In_E In_F PB,In_E In_F PB,POINT (-119.547579 34.396875),0 days 00:05:00,0.39488284677253893,POINT (-119.548158 34.395921),26.60145297247641,-81.89971158633134,1
2020-07-08 12:06:00,2020-04,A69-9001-4985,7/8/2020 12:06,4911.42,4918.68,5.0,34.398356,-119.550171,8,2.7,,,,,In_D In_E Off_E Off_F PB,In_D In_E Off_E Off_F PB,POINT (-119.550171 34.398356),0 days 00:08:00,0.6030738049800232,POINT (-119.547579 34.396875),304.70174138614504,25.484183355635828,0
2020-07-08 12:17:00,2020-04,A69-9001-4985,7/8/2020 12:17,4727.96,5237.51,5.0,34.40123,-119.552167,3,3.0,,,,,In_D In_E Off_D Off_E,In_D In_E Off_D Off_E,POINT (-119.552167 34.40123),0 days 00:11:00,0.5573715102821879,POINT (-119.550171 34.398356),330.18592474178087,-165.10528058286368,1
2020-07-08 12:23:00,2020-04,A69-9001-4985,7/8/2020 12:23,4747.91,5162.97,5.0,34.400558,-119.55195,2,3.7,,,,,In_E Off_D Off_E OS2,In_E Off_D Off_E OS2,POINT (-119.55195 34.400558),0 days 00:06:00,0.2143579128616329,POINT (-119.552167 34.40123),165.08064415891715,50.89670326136252,1
2020-07-08 12:25:00,2020-04,A69-9001-4985,7/8/2020 12:25,4731.04,5139.91,5.0,34.40035,-119.552133,1,3.5,,,,,In_D Off_D Off_E,In_D Off_D Off_E,POINT (-119.552133 34.40035),0 days 00:02:00,0.23797714412918397,POINT (-119.55195 34.400558),215.97734742027967,-76.60116172625224,1
2020-07-08 12:30:00,2020-04,A69-9001-4985,7/8/2020 12:30,4784.09,5078.36,5.0,34.399795,-119.551556,8,2.9,,,,,In_D Off_D Off_E Off_F OS2 PB,In_D Off_D Off_F OS2 PB,POINT (-119.551556 34.399795),0 days 00:05:00,0.2709075172417856,POINT (-119.552133 34.40035),139.3761856940274,77.49757194460118,1
2020-07-08 12:32:00,2020-04,A69-9001-4985,7/8/2020 12:32,4782.22,5075.88,5.0,34.399773,-119.551576,4,3.3,,,,,In_D Off_D Off_E OS2 PB,In_D Off_D OS2 PB,POINT (-119.551576 34.399773),0 days 00:02:00,0.02546471814633663,POINT (-119.551556 34.399795),216.87375763862858,-90.17378758082961,1
2020-07-08 12:34:00,2020-04,A69-9001-4985,7/8/2020 12:34,4801.84,5061.35,5.0,34.399642,-119.551363,1,13.0,,,,,In_D Off_D Off_E OS2,In_D Off_D OS2,POINT (-119.551363 34.399642),0 days 00:02:00,0.2032303576601969,POINT (-119.551576 34.399773),126.69997005779896,-83.148395191435,1
2020-07-08 12:36:00,2020-04,A69-9001-4985,7/8/2020 12:36,4811.61,5071.52,5.0,34.399734,-119.551257,4,3.0,,,,,In_D In_E Off_D Off_E PB,In_D In_E Off_D PB,POINT (-119.551257 34.399734),0 days 00:02:00,0.11760060520974686,POINT (-119.551363 34.399642),43.55157486636398,84.38234513184939,1
2020-07-08 12:45:00,2020-04,A69-9001-4985,7/8/2020 12:45,4836.33,5052.34,5.0,34.399561,-119.550988,6,3.2,,,,,In_D In_E Off_E Off_F PB,In_D In_E Off_E Off_F PB,POINT (-119.550988 34.399561),0 days 00:09:00,0.0579746250937606,POINT (-119.551257 34.399734),127.93391999821336,-111.10109215597282,1
2020-07-08 12:48:00,2020-04,A69-9001-4985,7/8/2020 12:48,4837.38,5055.71,5.0,34.399591,-119.550977,1,3.3,,,,,In_E Off_D Off_E PB,In_E Off_D PB,POINT (-119.550977 34.399591),0 days 00:03:00,0.019323332084560014,POINT (-119.550988 34.399561),16.832827842240533,121.97321043544645,1
2020-07-08 13:00:00,2020-04,A69-9001-4985,7/8/2020 13:00,4879.12,5008.16,5.0,34.399163,-119.550523,4,3.0,,,,,In_D Off_D Off_E Off_F PB,In_D Off_D Off_E Off_F PB,POINT (-119.550523 34.399163),0 days 00:12:00,0.08780618775302365,POINT (-119.550977 34.399591),138.80603827768698,-23.27051747882855,1
2020-07-08 13:06:00,2020-04,A69-9001-4985,7/8/2020 13:06,4955.12,4972.03,5.0,34.398837,-119.549696,6,2.5,,,,,In_E Off_D Off_E Off_F PB,In_E Off_D Off_E Off_F PB,POINT (-119.549696 34.398837),0 days 00:06:00,0.23390020927238284,POINT (-119.550523 34.399163),115.53552079885844,0.05781897395514841,1
2020-07-08 13:10:00,2020-04,A69-9001-4985,7/8/2020 13:10,5074.52,4915.14,5.0,34.398324,-119.548398,10,2.5,,,,,In_D In_E Off_E Off_F PB,In_D In_E Off_E Off_F PB,POINT (-119.548398 34.398324),0 days 00:04:00,0.5509368030724405,POINT (-119.549696 34.398837),115.59333977281358,-34.24395988711569,0
2020-07-08 13:13:00,2020-04,A69-9001-4985,7/8/2020 13:13,5204.89,4934.88,5.0,34.398502,-119.54698,10,2.9,,,,,In_D In_E Off_E Off_F PB,In_D In_E Off_E Off_F PB,POINT (-119.54698 34.398502),0 days 00:03:00,0.7326304797225313,POINT (-119.548398 34.398324),81.34937988569789,63.85891994552494,0
2020-07-08 13:15:00,2020-04,A69-9001-4985,7/8/2020 13:15,5271.54,4839.34,5.0,34.397641,-119.546255,2,3.0,,,,,In_E In_F Off_F PB,In_E In_F Off_F PB,POINT (-119.546255 34.397641),0 days 00:02:00,0.9706256827181446,POINT (-119.54698 34.398502),145.2082998312228,19.617593364730745,0
2020-07-08 13:17:00,2020-04,A69-9001-4985,7/8/2020 13:17,5295.33,4751.91,5.0,34.396853,-119.545996,6,3.3,,,,,In_E In_F Off_E Off_F PB,In_E In_F Off_E Off_F PB,POINT (-119.545996 34.396853),0 days 00:02:00,0.7549896326880259,POINT (-119.546255 34.397641),164.82589319595354,138.9877655226973,0
2020-07-08 13:48:00,2020-04,A69-9001-4985,7/8/2020 13:48,4553.41,5246.61,5.0,34.401312,-119.554065,4,3.5,,,,,In_D Off_D Off_E OS2,In_D Off_D Off_E OS2,POINT (-119.554065 34.401312),0 days 00:31:00,0.4794154870089124,POINT (-119.545996 34.396853),303.81365871865086,42.72348150730961,0
2020-07-08 13:50:00,2020-04,A69-9001-4985,7/8/2020 13:50,4534.52,5325.4,5.0,34.402022,-119.554271,1,6.2,,,,,In_D Off_C Off_D OS2,In_D Off_D OS2,POINT (-119.554271 34.402022),0 days 00:02:00,0.6750471653108981,POINT (-119.554065 34.401312),346.53714022596046,-7.846729111982585,0
2020-07-08 13:54:00,2020-04,A69-9001-4985,7/8/2020 13:54,4469.0,5492.43,5.0,34.403528,-119.554983,2,2.9,,,,,In_D Off_C Off_D OS2,In_D Off_C Off_D OS2,POINT (-119.554983 34.403528),0 days 00:04:00,0.7476219185454569,POINT (-119.554271 34.402022),338.69041111397786,24.269940024653962,0
2020-07-08 13:56:00,2020-04,A69-9001-4985,7/8/2020 13:56,4473.11,5570.34,5.0,34.40423,-119.554939,2,2.9,,,,,In_D Off_C Off_D OS2,In_D Off_C Off_D OS2,POINT (-119.554939 34.40423),0 days 00:02:00,0.6498138913944753,POINT (-119.554983 34.403528),2.960351138631836,-10.133728305667196,0
2020-07-08 13:57:00,2020-04,A69-9001-4985,7/8/2020 13:57,4463.17,5648.81,5.0,34.404938,-119.555047,1,3.2,,,,,Off_C Off_D OS2,Off_C Off_D OS2,POINT (-119.555047 34.404938),0 days 00:01:00,1.3193916769750444,POINT (-119.554939 34.40423),352.82662283296463,-23.7488522367931,0
2020-07-08 13:59:00,2020-04,A69-9001-4985,7/8/2020 13:59,4424.16,5713.63,5.0,34.405522,-119.555471,4,2.6,,,,,In_C Off_C Off_D OS2,In_C Off_C Off_D OS2,POINT (-119.555471 34.405522),0 days 00:02:00,0.6300681723038285,POINT (-119.555047 34.404938),329.07777059617155,-44.233629381639915,0
2020-07-08 14:00:00,2020-04,A69-9001-4985,7/8/2020 14:00,4355.2,5731.85,5.0,34.405686,-119.556221,1,3.0,,,,,In_C Off_C Off_D,In_C Off_C Off_D,POINT (-119.556221 34.405686),0 days 00:01:00,1.1886158150274944,POINT (-119.555471 34.405522),284.84414121453165,5.342639788811073,0
2020-07-08 14:02:00,2020-04,A69-9001-4985,7/8/2020 14:02,4283.7,5757.98,5.0,34.405922,-119.556999,1,3.3,,,,,In_C Off_C Off_D,In_C Off_C Off_D,POINT (-119.556999 34.405922),0 days 00:02:00,0.6347657439636651,POINT (-119.556221 34.405686),290.18678100334273,5.769958392733654,0
2020-07-08 14:06:00,2020-04,A69-9001-4985,7/8/2020 14:06,4125.25,5834.79,5.0,34.406614,-119.558722,1,3.3,,,,,In_B Off_B Off_C,In_B Off_B Off_C,POINT (-119.558722 34.406614),0 days 00:04:00,0.7334827091144253,POINT (-119.556999 34.405922),295.9567393960764,-145.858363887584,1
2020-07-08 14:49:00,2020-04,A69-9001-4985,7/8/2020 14:49,4499.03,5187.64,5.0,34.40078,-119.554656,2,4.5,,,,,Off_C Off_D Off_E OS2,Off_C Off_D Off_E OS2,POINT (-119.554656 34.40078),0 days 00:43:00,0.28968429731093076,POINT (-119.558722 34.406614),150.09837550849238,-59.063986118943106,1
2020-07-08 14:51:00,2020-04,A69-9001-4985,7/8/2020 14:51,4622.47,5185.37,5.0,34.40076,-119.553314,4,3.4,,,,,In_D Off_D Off_E OS2,In_D Off_D Off_E OS2,POINT (-119.553314 34.40076),0 days 00:02:00,1.028458728380684,POINT (-119.554656 34.40078),91.03438938954929,4.361228779004408,0
2020-07-08 14:54:00,2020-04,A69-9001-4985,7/8/2020 14:54,4768.72,5171.59,5.0,34.400636,-119.551723,7,2.7,,,,,In_D Off_D Off_E OS2 PB,In_D Off_D Off_E OS2 PB,POINT (-119.551723 34.400636),0 days 00:03:00,0.816309489876878,POINT (-119.553314 34.40076),95.39561816855371,9.391706495882879,0
2020-07-08 14:57:00,2020-04,A69-9001-4985,7/8/2020 14:57,4956.59,5122.27,5.0,34.400191,-119.54968,15,2.5,,,,,In_D In_E Off_D Off_E Off_F OS2 PB,In_E Off_D Off_E Off_F OS2 PB,POINT (-119.54968 34.400191),0 days 00:03:00,1.0790530120604866,POINT (-119.551723 34.400636),104.7873246644366,61.519563208427265,0
2020-07-08 15:00:00,2020-04,A69-9001-4985,7/8/2020 15:00,4996.35,4960.01,5.0,34.398728,-119.549248,10,2.4,,,,,In_D In_E Off_E Off_F PB,In_D In_E Off_E Off_F PB,POINT (-119.549248 34.398728),0 days 00:03:00,0.9282255784445648,POINT (-119.54968 34.400191),166.30688787286385,-21.08610958583369,0
2020-07-08 15:03:00,2020-04,A69-9001-4985,7/8/2020 15:03,5103.38,4806.55,5.0,34.397345,-119.548084,2,4.3,,,,,In_E Off_E Off_F PB,In_E Off_E Off_F PB,POINT (-119.548084 34.397345),0 days 00:03:00,1.039232645311955,POINT (-119.549248 34.398728),145.22077828703016,-8.864870878128608,0
2020-07-08 15:11:00,2020-04,A69-9001-4985,7/8/2020 15:11,5317.55,4583.0,5.0,34.39533,-119.545755,2,2.9,,,,,In_F Off_F Off_G PB,In_F Off_F Off_G PB,POINT (-119.545755 34.39533),0 days 00:08:00,0.6449151812702207,POINT (-119.548084 34.397345),136.35590740890154,-54.95615776302854,0
2020-07-08 22:35:00,2020-04,A69-9001-4985,7/8/2020 22:35,5373.52,4591.5,5.0,34.395406,-119.545146,1,3.1,,,,,In_F Off_G PB,In_F Off_G PB,POINT (-119.545146 34.395406),0 days 07:24:00,0.0021258025289892205,POINT (-119.545755 34.39533),81.39974964587299,-127.54179482703732,1
2020-07-09 23:09:00,2020-04,A69-9001-4985,7/9/2020 23:09,4740.61,5196.78,5.0,34.400863,-119.552029,1,4.7,,,,,In_D OS2 PB,In_D OS2 PB,POINT (-119.552029 34.400863),1 days 00:34:00,0.009902628749846737,POINT (-119.545146 34.395406),313.85795481883565,173.61102215073714,1
2020-07-09 23:25:00,2020-04,A69-9001-4985,7/9/2020 23:25,5248.77,4809.09,5.0,34.397368,-119.546503,1,3.6,,,,,In_E In_F Off_F,In_E In_F Off_F,POINT (-119.546503 34.397368),0 days 00:16:00,0.6657665898481017,POINT (-119.552029 34.400863),127.4689769695728,-17.219069485242247,0
2020-07-11 09:14:00,2020-04,A69-9001-4985,7/11/2020 9:14,5367.4,4765.47,5.0,34.396975,-119.545212,1,4.0,,,,,In_E In_F Off_F,In_E In_F Off_F,POINT (-119.545212 34.396975),1 days 09:49:00,0.0010387930978145669,POINT (-119.546503 34.397368),110.24990748433055,-158.5931064406426,1
2020-07-11 11:29:00,2020-04,A69-9001-4985,7/11/2020 11:29,4655.72,5395.66,5.0,34.402656,-119.552952,2,3.5,,,,,In_D Off_C Off_D OS2,In_D Off_C Off_D OS2,POINT (-119.552952 34.402656),0 days 02:15:00,0.11735830368759795,POINT (-119.545212 34.396975),311.65680104368795,-13.008147277281068,1
2020-07-11 11:34:00,2020-04,A69-9001-4985,7/11/2020 11:34,4552.13,5452.02,5.0,34.403164,-119.554079,2,3.1,,,,,In_D Off_C Off_D OS2,In_D Off_C Off_D OS2,POINT (-119.554079 34.403164),0 days 00:05:00,0.39318372809834795,POINT (-119.552952 34.402656),298.6486537664069,-45.47053670925512,1
2020-07-11 11:37:00,2020-04,A69-9001-4985,7/11/2020 11:37,4467.73,5426.63,5.0,34.402935,-119.554997,1,3.7,,,,,Off_C Off_D Off_E OS2,Off_C Off_E OS2,POINT (-119.554997 34.402935),0 days 00:03:00,0.4897019260050982,POINT (-119.554079 34.403164),253.17811705715175,28.611861897932243,0
2020-07-11 11:43:00,2020-04,A69-9001-4985,7/11/2020 11:43,4296.37,5462.28,5.0,34.403256,-119.556861,1,4.9,,,,,Off_C Off_D OS2,Off_C Off_D OS2,POINT (-119.556861 34.403256),0 days 00:06:00,0.48624329493526147,POINT (-119.554997 34.402935),281.789978955084,-6.242562744091579,0
2020-07-11 11:51:00,2020-04,A69-9001-4985,7/11/2020 11:51,4212.57,5470.38,5.0,34.403329,-119.557772,2,4.7,,,,,In_C Off_B Off_C Off_D,In_C Off_B Off_C Off_D,POINT (-119.557772 34.403329),0 days 00:08:00,0.17531925572954996,POINT (-119.556861 34.403256),275.5474162109924,-114.58362110438874,1
2020-07-11 12:14:00,2020-04,A69-9001-4985,7/11/2020 12:14,4317.1,5168.79,5.0,34.40061,-119.556635,1,15.6,,,,,Off_C Off_D Off_E PB,Off_D Off_E PB,POINT (-119.556635 34.40061),0 days 00:23:00,0.23132036652060198,POINT (-119.557772 34.403329),160.9637951066037,-5.536555673534745,1
2020-07-11 12:26:00,2020-04,A69-9001-4985,7/11/2020 12:26,4463.34,4850.23,5.0,34.397739,-119.555044,1,8.9,,,,,Off_D Off_E PB,Off_D Off_E PB,POINT (-119.555044 34.397739),0 days 00:12:00,0.48676642057112574,POINT (-119.556635 34.40061),155.42723943306896,-84.232161870255,1
2020-07-12 08:58:00,2020-04,A69-9001-4985,7/12/2020 8:58,4954.29,5016.69,5.0,34.399239,-119.549705,1,3.7,,,,,Off_E Off_F PB,Off_E Off_F PB,POINT (-119.549705 34.399239),0 days 20:32:00,0.0070124400252791425,POINT (-119.555044 34.397739),71.19507756281394,-100.45596043471213,1
2020-07-12 09:01:00,2020-04,A69-9001-4985,7/12/2020 9:01,4910.57,5094.39,5.0,34.39994,-119.550181,6,2.6,,,,,In_E Off_D Off_E Off_F PB,In_E Off_D Off_E Off_F PB,POINT (-119.550181 34.39994),0 days 00:03:00,0.49573894673013685,POINT (-119.549705 34.399239),330.7391171281018,-21.06208947012499,1
2020-07-12 09:22:00,2020-04,A69-9001-4985,7/12/2020 9:22,4435.67,5486.53,5.0,34.403475,-119.555346,1,3.1,,,,,Off_C Off_D OS2,Off_C Off_D OS2,POINT (-119.555346 34.403475),0 days 00:21:00,0.48879482416122666,POINT (-119.550181 34.39994),309.6770276579768,-173.61604241399917,1
2020-07-12 17:31:00,2020-04,A69-9001-4985,7/12/2020 17:31,4958.99,4945.86,5.0,34.398601,-119.549654,1,3.0,,,,,Off_E Off_F PB,Off_E Off_F PB,POINT (-119.549654 34.398601),0 days 08:09:00,0.025647246786607163,POINT (-119.555346 34.403475),136.0609852439776,-123.19241687025229,1
2020-07-12 17:39:00,2020-04,A69-9001-4985,7/12/2020 17:39,5044.2,5317.25,5.0,34.401949,-119.548727,7,2.7,,,,,In_D In_E Off_D Off_E OS2,In_D In_E Off_D Off_E OS2,POINT (-119.548727 34.401949),0 days 00:08:00,0.7938502311199105,POINT (-119.549654 34.398601),12.868568373725338,-3.82040859397869,0
2020-07-12 17:44:00,2020-04,A69-9001-4985,7/12/2020 17:44,5080.31,5542.61,5.0,34.40398,-119.548335,1,4.9,,,,,In_D In_E Off_E OS2,In_E Off_E OS2,POINT (-119.548335 34.40398),0 days 00:05:00,0.7605434309753354,POINT (-119.548727 34.401949),9.04815977974664,-125.61438118400197,0
2020-07-12 17:52:00,2020-04,A69-9001-4985,7/12/2020 17:52,4761.62,5383.9,5.0,34.40255,-119.551801,7,2.5,,,,,In_D Off_C Off_D Off_E OS2,In_D Off_C Off_D Off_E OS2,POINT (-119.551801 34.40255),0 days 00:08:00,0.7416291566471208,POINT (-119.548335 34.40398),243.43377859574466,-8.729895737840046,0
2020-07-12 17:55:00,2020-04,A69-9001-4985,7/12/2020 17:55,4635.33,5295.0,5.0,34.401748,-119.553174,2,3.0,,,,,In_D Off_C Off_D Off_E,In_D Off_C Off_D Off_E,POINT (-119.553174 34.401748),0 days 00:03:00,0.858010255834526,POINT (-119.551801 34.40255),234.7038828579046,-3.707331672359086,0
2020-07-12 23:28:00,2020-04,A69-9001-4985,7/12/2020 23:28,4538.01,5216.56,5.0,34.401041,-119.554232,2,4.0,,,,,Off_C Off_D Off_E OS2,Off_C Off_D Off_E OS2,POINT (-119.554232 34.401041),0 days 05:33:00,0.006254138130869234,POINT (-119.553174 34.401748),230.9965511855455,-105.7974937848687,1
2020-07-12 23:30:00,2020-04,A69-9001-4985,7/12/2020 23:30,4638.33,5146.14,5.0,34.400406,-119.553141,4,3.7,,,,,In_D Off_D Off_E OS2,In_D Off_D Off_E OS2,POINT (-119.553141 34.400406),0 days 00:02:00,1.0214759307469445,POINT (-119.554232 34.401041),125.1990574006768,-10.333461600131168,0
2020-07-12 23:39:00,2020-04,A69-9001-4985,7/12/2020 23:39,5042.27,4959.79,5.0,34.398726,-119.548748,10,2.5,,,,,In_D In_E Off_E Off_F PB,In_D In_E Off_E Off_F PB,POINT (-119.548748 34.398726),0 days 00:09:00,0.8238039682068804,POINT (-119.553141 34.400406),114.86559580054563,-42.879215820944424,0
2020-07-12 23:41:00,2020-04,A69-9001-4985,7/12/2020 23:41,5176.65,5003.25,5.0,34.399118,-119.547287,4,3.0,,,,,In_D In_E Off_F PB,In_D In_E Off_F PB,POINT (-119.547287 34.399118),0 days 00:02:00,1.1766865982061836,POINT (-119.548748 34.398726),71.98637997960122,65.1569065535965,0
2020-07-13 06:21:00,2020-04,A69-9001-4985,7/13/2020 6:21,5479.09,4678.72,5.0,34.396193,-119.543998,1,3.9,,,,,In_E In_F Off_G,In_E In_F Off_G,POINT (-119.543998 34.396193),0 days 06:40:00,0.01848161067509367,POINT (-119.547287 34.399118),137.14328653319774,159.03283111579637,1
2020-07-13 08:59:00,2020-04,A69-9001-4985,7/13/2020 8:59,4980.07,4922.86,5.0,34.398394,-119.549425,1,3.1,,,,,In_E Off_E PB,In_E Off_E PB,POINT (-119.549425 34.398394),0 days 02:38:00,0.05860263667908856,POINT (-119.543998 34.396193),296.1761176489941,15.451286312581939,1
2020-07-13 09:02:00,2020-04,A69-9001-4985,7/13/2020 9:02,4870.11,5020.18,5.0,34.399271,-119.550621,8,2.7,,,,,In_D In_E Off_E Off_F PB,In_D In_E Off_E Off_F PB,POINT (-119.550621 34.399271),0 days 00:03:00,0.8157120967584008,POINT (-119.549425 34.398394),311.627403961576,5.324303322321168,0
2020-07-13 09:08:00,2020-04,A69-9001-4985,7/13/2020 9:08,4701.42,5199.93,5.0,34.400891,-119.552455,1,3.8,,,,,Off_D Off_E OS2,Off_D Off_E OS2,POINT (-119.552455 34.400891),0 days 00:06:00,0.6845522583042746,POINT (-119.550621 34.399271),316.9517072838972,80.34614240970481,0
2020-07-14 08:50:00,2020-04,A69-9001-4985,7/14/2020 8:50,4751.22,5264.94,5.0,34.401477,-119.551914,7,2.5,,,,,In_D Off_D Off_E OS2 PB,In_D Off_D Off_E OS2 PB,POINT (-119.551914 34.401477),0 days 23:42:00,0.0009593769896661016,POINT (-119.552455 34.400891),37.29784969360202,67.20554481606156,1
2020-07-14 08:52:00,2020-04,A69-9001-4985,7/14/2020 8:52,4852.38,5238.84,5.0,34.401242,-119.550813,2,3.5,,,,,Off_D Off_E OS2 PB,Off_D Off_E OS2 PB,POINT (-119.550813 34.401242),0 days 00:02:00,0.8711440077322442,POINT (-119.551914 34.401477),104.50339450966356,36.256363966956386,0
2020-07-14 08:54:00,2020-04,A69-9001-4985,7/14/2020 8:54,4933.25,5140.37,5.0,34.400354,-119.549934,3,2.9,,,,,In_D In_E Off_E OS2,In_D In_E Off_E OS2,POINT (-119.549934 34.400354),0 days 00:02:00,1.0618272759642198,POINT (-119.550813 34.401242),140.75975847661994,5.8319564045985315,0
2020-07-14 08:58:00,2020-04,A69-9001-4985,7/14/2020 8:58,5050.5,4963.41,5.0,34.398759,-119.548659,4,2.6,,,,,In_E Off_E Off_F PB,In_E Off_E Off_F PB,POINT (-119.548659 34.398759),0 days 00:04:00,0.8843698017390427,POINT (-119.549934 34.400354),146.59171488121848,-5.168511204566254,0
2020-07-14 09:10:00,2020-04,A69-9001-4985,7/14/2020 9:10,5391.29,4538.14,5.0,34.394925,-119.544953,1,3.3,,,,,In_F Off_F Off_G,In_F Off_F Off_G,POINT (-119.544953 34.394925),0 days 00:12:00,0.7569290230241342,POINT (-119.548659 34.398759),141.42320367665224,172.3503292874932,1
2020-07-15 15:36:00,2020-04,A69-9001-4985,7/15/2020 15:36,4676.36,5219.83,5.0,34.401071,-119.552728,4,3.0,,,,,In_D Off_D Off_E OS2,In_D Off_D Off_E OS2,POINT (-119.552728 34.401071),1 days 06:26:00,0.009016909260660842,POINT (-119.544953 34.394925),313.77353296414543,165.0515796256536,1
2020-07-15 15:37:00,2020-04,A69-9001-4985,7/15/2020 15:37,4766.45,5170.47,5.0,34.400626,-119.551748,1,3.2,,,,,In_D Off_D Off_E,In_D Off_D Off_E,POINT (-119.551748 34.400626),0 days 00:01:00,1.7124150429222698,POINT (-119.552728 34.401071),118.825112589799,3.2819062654138573,0
2020-07-15 15:39:00,2020-04,A69-9001-4985,7/15/2020 15:39,4862.39,5110.55,5.0,34.400086,-119.550705,1,3.5,,,,,In_D Off_D Off_E PB,In_D Off_D PB,POINT (-119.550705 34.400086),0 days 00:02:00,0.9422793543853614,POINT (-119.551748 34.400626),122.10701885521286,9.090541363157001,0
2020-07-15 15:44:00,2020-04,A69-9001-4985,7/15/2020 15:44,5077.27,4923.35,5.0,34.398398,-119.548368,10,2.5,,,,,In_D In_E Off_E Off_F PB,In_D In_E Off_E Off_F PB,POINT (-119.548368 34.398398),0 days 00:05:00,0.9500823525690231,POINT (-119.550705 34.400086),131.19756021836986,26.04070893685514,0
2020-07-15 15:47:00,2020-04,A69-9001-4985,7/15/2020 15:47,5132.3,4792.63,5.0,34.39722,-119.547769,1,4.4,,,,,In_E In_F PB,In_E In_F PB,POINT (-119.547769 34.39722),0 days 00:03:00,0.7878257321229746,POINT (-119.548368 34.398398),157.238269155225,-20.41393843553839,0
2020-07-16 00:41:00,2020-04,A69-9001-4985,7/16/2020 0:41,5404.7,4503.71,5.0,34.394615,-119.544807,1,5.5,,,,,In_E In_F Off_G,In_E In_F Off_G,POINT (-119.544807 34.394615),0 days 08:54:00,0.01239389274134275,POINT (-119.547769 34.39722),136.8243307196866,155.21274602262272,1
2020-07-16 14:44:00,2020-04,A69-9001-4985,7/16/2020 14:44,4358.96,4925.0,5.0,34.398413,-119.55618,9,6.1,,,,,In_E Off_C Off_D Off_E OS2 PB,In_E Off_C Off_D Off_E OS2 PB,POINT (-119.55618 34.398413),0 days 14:03:00,0.022290654199076405,POINT (-119.544807 34.394615),292.03707674230935,173.59996889250746,1
2020-07-16 14:46:00,2020-04,A69-9001-4985,7/16/2020 14:46,4505.05,4884.31,5.0,34.398046,-119.554591,1,123.8,,,,,In_E Off_B Off_E PB,In_E Off_E PB,POINT (-119.554591 34.398046),0 days 00:02:00,1.2639712597108637,POINT (-119.55618 34.398413),105.63704563481684,3.512940560360843,0
2020-07-16 17:11:00,2020-04,A69-9001-4985,7/16/2020 17:11,4632.09,4840.35,5.0,34.39765,-119.553209,2,6.3,,,,,In_D Off_D Off_E Off_F PB,In_D Off_D Off_F PB,POINT (-119.553209 34.39765),0 days 02:25:00,0.015454689772665214,POINT (-119.554591 34.398046),109.14998619517769,-5.051079996013531,1
2020-07-16 17:16:00,2020-04,A69-9001-4985,7/16/2020 17:16,4913.41,4770.0,5.0,34.397016,-119.55015,1,9.5,,,,,In_D Off_E Off_F PB,In_D Off_E Off_F,POINT (-119.55015 34.397016),0 days 00:05:00,0.9664714675652177,POINT (-119.553209 34.39765),104.09890619916416,5.196171828696379,0
2020-07-16 17:19:00,2020-04,A69-9001-4985,7/16/2020 17:19,5049.9,4722.47,5.0,34.396587,-119.548665,3,4.5,,,,,In_E Mid_A Off_E Off_F PB,In_E Mid_A Off_E Off_F PB,POINT (-119.548665 34.396587),0 days 00:03:00,0.8033619982476494,POINT (-119.55015 34.397016),109.29507802786054,-47.35851722528491,0
2020-07-18 05:43:00,2020-04,A69-9001-4985,7/18/2020 5:43,5577.54,5002.46,5.0,34.399111,-119.542927,3,3.6,,,,,In_E In_F Mid_A Off_F,In_E In_F Mid_A Off_F,POINT (-119.542927 34.399111),1 days 12:24:00,0.004558198982671898,POINT (-119.548665 34.396587),61.93656080257563,-126.90592484047171,1
2020-07-18 05:46:00,2020-04,A69-9001-4985,7/18/2020 5:46,5515.03,5031.55,5.0,34.399373,-119.543607,1,3.5,,,,,In_E In_F Mid_A,In_E In_F Mid_A,POINT (-119.543607 34.399373),0 days 00:03:00,0.3830602702696765,POINT (-119.542927 34.399111),295.03063596210393,39.51126718520157,1
2020-07-18 05:49:00,2020-04,A69-9001-4985,7/18/2020 5:49,5482.25,5100.01,5.0,34.39999,-119.543963,1,8.5,,,,,In_E Mid_A Off_F,In_E Mid_A Off_F,POINT (-119.543963 34.39999),0 days 00:03:00,0.42149234891163206,POINT (-119.543607 34.399373),334.5419031473055,157.81821931888197,1
2020-07-18 05:57:00,2020-04,A69-9001-4985,7/18/2020 5:57,5491.93,5091.17,5.0,34.399911,-119.543858,6,3.1,,,,,In_D In_E In_F Mid_A Off_F,In_D In_E In_F Mid_A Off_F,POINT (-119.543858 34.399911),0 days 00:08:00,0.027164237897063515,POINT (-119.543963 34.39999),132.36012246618748,61.79076942165442,1
2020-07-18 06:33:00,2020-04,A69-9001-4985,7/18/2020 6:33,5365.88,4593.4,5.0,34.395424,-119.545229,3,2.8,,,,,In_F Mid_A Off_F Off_G,In_F Mid_A Off_F Off_G,POINT (-119.545229 34.395424),0 days 00:36:00,0.23771192668043067,POINT (-119.543858 34.399911),194.1508918878419,15.371557594765541,1
2020-07-18 06:34:00,2020-04,A69-9001-4985,7/18/2020 6:34,5327.29,4525.61,5.0,34.394812,-119.545649,1,3.8,,,,,Mid_A Off_G PB,Mid_A Off_G PB,POINT (-119.545649 34.394812),0 days 00:01:00,1.3017599576780676,POINT (-119.545229 34.395424),209.52244948260744,57.66374978118353,0
2020-07-18 23:55:00,2020-04,A69-9001-4985,7/18/2020 23:55,5261.49,4522.34,5.0,34.394783,-119.546364,1,4.2,,,,,Mid_A Off_F Off_G,Mid_A Off_F Off_G,POINT (-119.546364 34.394783),0 days 17:21:00,0.0010539003776831794,POINT (-119.545649 34.394812),267.18619926379097,141.9329206724726,1
2020-07-19 07:21:00,2020-04,A69-9001-4985,7/19/2020 7:21,5376.71,4621.59,5.0,34.395678,-119.545111,1,3.4,,,,,Mid_A Off_F Off_G,Mid_A Off_F Off_G,POINT (-119.545111 34.395678),0 days 07:26:00,0.0056836075183028375,POINT (-119.546364 34.394783),49.11911993626359,-56.44170289707938,1
2020-07-19 07:40:00,2020-04,A69-9001-4985,7/19/2020 7:40,5309.83,5139.46,5.0,34.400346,-119.545838,1,4.7,,,,,In_E In_F Mid_A,In_E In_F Mid_A,POINT (-119.545838 34.400346),0 days 00:19:00,0.45799694014379844,POINT (-119.545111 34.395678),352.6774170391842,-82.26371592827576,1
2020-07-19 07:48:00,2020-04,A69-9001-4985,7/19/2020 7:48,5047.01,5141.36,5.0,34.400363,-119.548697,15,2.6,,,,,In_D In_E Mid_A Off_D Off_E Off_F OS2,In_D In_E Mid_A Off_D Off_F OS2,POINT (-119.548697 34.400363),0 days 00:08:00,0.5476860161539558,POINT (-119.545838 34.400346),270.41370111090845,-118.61011701900891,1
2020-07-19 07:51:00,2020-04,A69-9001-4985,7/19/2020 7:51,5104.67,5034.29,5.0,34.399398,-119.54807,4,2.8,,,,,In_D In_E Off_F PB,In_D In_E Off_F PB,POINT (-119.54807 34.399398),0 days 00:03:00,0.6754715230238337,POINT (-119.548697 34.400363),151.80358409189955,-2.142506783507896,0
2020-07-19 07:57:00,2020-04,A69-9001-4985,7/19/2020 7:57,5250.04,4786.97,5.0,34.397169,-119.546489,1,3.9,,,,,In_E In_F Off_F,In_E In_F Off_F,POINT (-119.546489 34.397169),0 days 00:06:00,0.7967549223144835,POINT (-119.54807 34.399398),149.66107730839167,19.293537885049552,0
2020-07-19 14:05:00,2020-04,A69-9001-4985,7/19/2020 14:05,5320.81,4425.98,5.0,34.393914,-119.545719,1,8.4,,,,,Mid_A Off_F Off_G,Mid_A Off_F Off_G,POINT (-119.545719 34.393914),0 days 06:08:00,0.0166645116698559,POINT (-119.546489 34.397169),168.9546151934412,146.41142977511458,1
2020-07-23 22:17:00,2020-04,A69-9001-4985,7/23/2020 22:17,4300.92,5454.21,5.0,34.403183,-119.556811,7,3.7,,,,,In_B In_C Off_C Off_D OS2,In_B In_C Off_C Off_D OS2,POINT (-119.556811 34.403183),4 days 08:12:00,0.003860783372759705,POINT (-119.545719 34.393914),315.3660449685558,139.32237850589095,1
2020-07-23 22:23:00,2020-04,A69-9001-4985,7/23/2020 22:23,4639.23,5426.58,5.0,34.402934,-119.553132,3,2.7,,,,,Off_C Off_D Off_E OS2,Off_C Off_D Off_E OS2,POINT (-119.553132 34.402934),0 days 00:06:00,0.9427660081181506,POINT (-119.556811 34.403183),94.68842347444678,27.6754755571739,0
2020-07-23 22:33:00,2020-04,A69-9001-4985,7/23/2020 22:33,5072.43,5153.2,5.0,34.40047,-119.54842,18,2.5,,,,,In_D In_E Off_D Off_E Off_F OS2 PB,In_D In_E Off_D Off_F OS2 PB,POINT (-119.54842 34.40047),0 days 00:10:00,0.8537849479124331,POINT (-119.553132 34.402934),122.36389903162069,-1.4520018601123748,0
2020-07-23 22:34:00,2020-04,A69-9001-4985,7/23/2020 22:34,5142.02,5111.74,5.0,34.400096,-119.547663,2,3.1,,,,,In_D In_E In_F Off_E,In_D In_E In_F Off_E,POINT (-119.547663 34.400096),0 days 00:01:00,1.3505306753050674,POINT (-119.54842 34.40047),120.91189717150831,60.66532305624228,0
2020-07-23 22:36:00,2020-04,A69-9001-4985,7/23/2020 22:36,5139.29,5012.0,5.0,34.399197,-119.547693,14,2.4,,,,,In_D In_E In_F Mid_A Off_D Off_E Off_F PB,In_D In_E In_F Mid_A Off_F PB,POINT (-119.547693 34.399197),0 days 00:02:00,0.8313656397845678,POINT (-119.547663 34.400096),181.5772202277506,20.501234219098684,0
2020-07-23 22:38:00,2020-04,A69-9001-4985,7/23/2020 22:38,5099.02,4913.13,5.0,34.398306,-119.548131,8,2.5,,,,,In_E In_F Off_E Off_F PB,In_E In_F Off_E Off_F PB,POINT (-119.548131 34.398306),0 days 00:02:00,0.8894067816252343,POINT (-119.547693 34.399197),202.07845444684926,-18.947677064429964,0
2020-07-23 22:40:00,2020-04,A69-9001-4985,7/23/2020 22:40,5092.59,4796.0,5.0,34.39725,-119.548201,5,3.2,,,,,In_E Mid_A Off_E Off_F PB,In_E Mid_A Off_E Off_F PB,POINT (-119.548201 34.39725),0 days 00:02:00,0.9776529441238042,POINT (-119.548131 34.398306),183.1307773824193,-75.13279055621571,0
2020-07-24 23:38:00,2020-04,A69-9001-4985,7/24/2020 23:38,6440.73,4360.05,5.0,34.393319,-119.533541,1,3.0,,,,,In_G In_H Mid_D,In_G In_H Mid_D,POINT (-119.533541 34.393319),1 days 00:58:00,0.015763565027622405,POINT (-119.548201 34.39725),107.9979868262036,-172.28061870506718,1
2020-07-25 00:35:00,2020-04,A69-9001-4985,7/25/2020 0:35,4998.94,5051.06,5.0,34.399549,-119.54922,1,4.5,,,,,Off_E Off_F PB,Off_E Off_F PB,POINT (-119.54922 34.399549),0 days 00:57:00,0.46749017329617054,POINT (-119.533541 34.393319),295.7173681211364,135.2070097346842,1
2020-07-25 01:56:00,2020-04,A69-9001-4985,7/25/2020 1:56,5356.29,5174.04,5.0,34.400658,-119.545333,1,5.2,,,,,In_E In_F Mid_A,In_E In_F Mid_A,POINT (-119.545333 34.400658),0 days 01:21:00,0.07777508954605522,POINT (-119.54922 34.399549),70.92437785582064,-118.875720280715,1
2020-07-25 02:35:00,2020-04,A69-9001-4985,7/25/2020 2:35,4255.23,6162.53,5.0,34.409569,-119.557309,1,3.7,,,,,In_B In_C Off_C,In_B In_C Off_C,POINT (-119.557309 34.409569),0 days 00:39:00,0.6323613551321894,POINT (-119.545333 34.400658),312.0486575751056,-99.25710459658136,1
2020-07-25 02:38:00,2020-04,A69-9001-4985,7/25/2020 2:38,4183.08,6051.26,5.0,34.408565,-119.558093,3,3.3,,,,,In_B In_C Off_C OS2,In_B In_C Off_C OS2,POINT (-119.558093 34.408565),0 days 00:03:00,0.737020985882089,POINT (-119.557309 34.409569),212.79155297852427,14.362596772592056,0
2020-07-25 02:40:00,2020-04,A69-9001-4985,7/25/2020 2:40,4078.97,5955.05,5.0,34.407698,-119.559226,8,2.5,,,,,In_B In_C Off_B Off_C OS1,In_B In_C Off_B Off_C OS1,POINT (-119.559226 34.407698),0 days 00:02:00,1.1814822928386697,POINT (-119.558093 34.408565),227.15414975111634,24.327470883759798,0
2020-07-25 02:42:00,2020-04,A69-9001-4985,7/25/2020 2:42,3982.12,5922.82,5.0,34.407407,-119.560279,1,6.6,,,,,In_B Off_B OS1,In_B Off_B OS1,POINT (-119.560279 34.407407),0 days 00:02:00,0.8504496413188208,POINT (-119.559226 34.407698),251.48162063487612,22.355668354632005,0
2020-07-25 02:52:00,2020-04,A69-9001-4985,7/25/2020 2:52,3530.01,5953.06,5.0,34.407679,-119.565196,1,6.8,,,,,Off_A Off_B OS1,Off_A Off_B OS1,POINT (-119.565196 34.407679),0 days 00:10:00,0.7551348947451727,POINT (-119.560279 34.407407),273.8372889895081,-150.8313152226913,0
2020-07-25 02:58:00,2020-04,A69-9001-4985,7/25/2020 2:58,3775.73,5794.09,5.0,34.406247,-119.562524,2,9.7,,,,,In_B Off_A Off_B OS1,In_B Off_A Off_B OS1,POINT (-119.562524 34.406247),0 days 00:06:00,0.8126454893505963,POINT (-119.565196 34.407679),123.00597376681685,-38.69472413949448,0
2020-07-25 03:00:00,2020-04,A69-9001-4985,7/25/2020 3:00,3902.14,5806.58,5.0,34.40636,-119.561149,1,5.1,,,,,Off_A Off_B Off_C OS1,Off_A Off_C OS1,POINT (-119.561149 34.40636),0 days 00:02:00,1.0586751086534618,POINT (-119.562524 34.406247),84.31124962732235,8.017377131259247,0
2020-07-25 03:02:00,2020-04,A69-9001-4985,7/25/2020 3:02,4052.81,5800.55,5.0,34.406305,-119.55951,7,3.0,,,,,In_B In_C Off_B Off_C OS1,In_B In_C Off_B Off_C OS1,POINT (-119.55951 34.406305),0 days 00:02:00,1.256811177549079,POINT (-119.561149 34.40636),92.3286267585816,12.024271455423913,0
2020-07-25 03:04:00,2020-04,A69-9001-4985,7/25/2020 3:04,4166.92,5771.48,5.0,34.406043,-119.558269,1,3.7,,,,,In_B Off_B Off_C,In_B Off_B Off_C,POINT (-119.558269 34.406043),0 days 00:02:00,0.981202491959429,POINT (-119.55951 34.406305),104.3528982140055,8.212307750200802,0
2020-07-25 03:07:00,2020-04,A69-9001-4985,7/25/2020 3:07,4302.05,5715.55,5.0,34.405539,-119.556799,2,3.4,,,,,In_B In_C Off_C OS2,In_B In_C Off_C OS2,POINT (-119.556799 34.405539),0 days 00:03:00,0.812575514787203,POINT (-119.558269 34.406043),112.56520596420631,6.120589454946022,0
2020-07-25 03:10:00,2020-04,A69-9001-4985,7/25/2020 3:10,4488.64,5613.88,5.0,34.404623,-119.55477,4,2.6,,,,,In_C Off_C Off_D OS2,In_C Off_C Off_D OS2,POINT (-119.55477 34.404623),0 days 00:03:00,1.1801785952064372,POINT (-119.556799 34.405539),118.68579541915233,-13.361186012495194,0
2020-07-25 03:12:00,2020-04,A69-9001-4985,7/25/2020 3:12,4609.78,5580.86,5.0,34.404325,-119.553452,4,2.7,,,,,In_C Off_C Off_D OS2,In_C Off_C Off_D OS2,POINT (-119.553452 34.404325),0 days 00:02:00,1.0467571419595028,POINT (-119.55477 34.404623),105.32460940665715,16.6720949023446,0
2020-07-25 03:41:00,2020-04,A69-9001-4985,7/25/2020 3:41,5457.65,5053.46,5.0,34.399571,-119.544231,3,3.0,,,,,In_E In_F Mid_A Off_F,In_E In_F Mid_A Off_F,POINT (-119.544231 34.399571),0 days 00:29:00,0.5738361885120684,POINT (-119.553452 34.404325),121.99670430900176,11.493311467287741,0
2020-07-25 03:49:00,2020-04,A69-9001-4985,7/25/2020 3:49,5488.49,5024.27,5.0,34.399308,-119.543895,3,3.0,,,,,In_E In_F Mid_A Off_F,In_E In_F Mid_A Off_F,POINT (-119.543895 34.399308),0 days 00:08:00,0.08852736913568413,POINT (-119.544231 34.399571),133.4900157762895,8.931871538166211,1
2020-07-25 03:51:00,2020-04,A69-9001-4985,7/25/2020 3:51,5496.13,5014.46,5.0,34.399219,-119.543812,9,2.8,,,,,In_E In_F Mid_A Off_E Off_F,In_E In_F Mid_A Off_E Off_F,POINT (-119.543812 34.399219),0 days 00:02:00,0.10398866231707937,POINT (-119.543895 34.399308),142.42188731445572,2.3291375197172703,1
2020-07-25 03:57:00,2020-04,A69-9001-4985,7/25/2020 3:57,5513.14,4990.43,5.0,34.399003,-119.543627,3,3.0,,,,,In_E In_F Mid_A PB,In_E In_F Mid_A PB,POINT (-119.543627 34.399003),0 days 00:06:00,0.08162548109975756,POINT (-119.543812 34.399219),144.751024834173,62.74429908705132,1
2020-07-25 03:58:00,2020-04,A69-9001-4985,7/25/2020 3:58,5505.61,4976.05,5.0,34.398873,-119.543709,1,3.1,,,,,In_E In_F Mid_A,In_E In_F Mid_A,POINT (-119.543709 34.398873),0 days 00:01:00,0.27121732676073534,POINT (-119.543627 34.399003),207.4953239212243,-63.0826823152025,1
2020-07-25 04:00:00,2020-04,A69-9001-4985,7/25/2020 4:00,5514.63,4963.56,5.0,34.39876,-119.543611,1,3.0,,,,,In_E In_F Mid_A,In_E In_F Mid_A,POINT (-119.543611 34.39876),0 days 00:02:00,0.12864915420519277,POINT (-119.543709 34.398873),144.4126416060218,-8.322358331739336,1
2020-07-25 04:01:00,2020-04,A69-9001-4985,7/25/2020 4:01,5524.3,4953.57,5.0,34.39867,-119.543506,3,2.9,,,,,In_E In_F Mid_A Off_F,In_E In_F Mid_A Off_F,POINT (-119.543506 34.39867),0 days 00:01:00,0.23147450276982806,POINT (-119.543611 34.39876),136.09028327428246,-40.111246743489126,1
2020-07-25 04:05:00,2020-04,A69-9001-4985,7/25/2020 4:05,5539.22,4952.0,5.0,34.398656,-119.543344,1,3.1,,,,,In_E In_F Mid_A,In_E In_F Mid_A,POINT (-119.543344 34.398656),0 days 00:04:00,0.06240330798307923,POINT (-119.543506 34.39867),95.97903653079334,3.674312861857016,1
2020-07-25 04:08:00,2020-04,A69-9001-4985,7/25/2020 4:08,5554.97,4949.31,5.0,34.398632,-119.543173,1,3.3,,,,,In_E In_F Mid_A,In_E In_F Mid_A,POINT (-119.543173 34.398632),0 days 00:03:00,0.08859675731176214,POINT (-119.543344 34.398656),99.65334939265034,27.19203359772239,1
2020-07-25 04:14:00,2020-04,A69-9001-4985,7/25/2020 4:14,5584.1,4927.63,5.0,34.398436,-119.542856,1,3.5,,,,,In_E In_F Mid_A,In_E In_F Mid_A,POINT (-119.542856 34.398436),0 days 00:06:00,0.10101179839858104,POINT (-119.543173 34.398632),126.84538299037274,-82.8585648926867,1
2020-07-25 04:16:00,2020-04,A69-9001-4985,7/25/2020 4:16,5589.73,4933.41,5.0,34.398489,-119.542794,2,3.3,,,,,In_D In_E In_F Mid_A,In_D In_E In_F Mid_A,POINT (-119.542794 34.398489),0 days 00:02:00,0.06824532086048059,POINT (-119.542856 34.398436),43.98681809768607,124.60526043158698,1
2020-07-25 04:24:00,2020-04,A69-9001-4985,7/25/2020 4:24,5600.11,4882.67,5.0,34.398031,-119.542682,1,112.7,,,,,In_E In_F Mid_A Off_F PB,In_E Off_F PB,POINT (-119.542682 34.398031),0 days 00:08:00,0.10799798268723972,POINT (-119.542794 34.398489),168.59207852927307,89.58163540649291,1
2020-07-25 05:55:00,2020-04,A69-9001-4985,7/25/2020 5:55,5207.36,4800.8,5.0,34.397293,-119.546953,6,2.9,,,,,In_E Mid_A Off_E Off_F PB,In_E Mid_A Off_E Off_F PB,POINT (-119.546953 34.397293),0 days 01:31:00,0.07347421642842052,POINT (-119.542682 34.398031),258.173713935766,128.54021823516135,1
2020-07-25 05:57:00,2020-04,A69-9001-4985,7/25/2020 5:57,5261.73,4908.26,5.0,34.398262,-119.546362,14,2.4,,,,,In_E In_F Mid_A Off_E Off_F PB,In_E In_F Mid_A Off_E Off_F PB,POINT (-119.546362 34.398262),0 days 00:02:00,1.003725443164237,POINT (-119.546953 34.397293),26.713932170927364,-3.525732782257478,0
2020-07-25 06:00:00,2020-04,A69-9001-4985,7/25/2020 6:00,5304.1,5006.77,5.0,34.39915,-119.545901,1,4.1,,,,,In_F Off_E Off_F,In_F Off_E Off_F,POINT (-119.545901 34.39915),0 days 00:03:00,0.5957719069663763,POINT (-119.546362 34.398262),23.188199388669887,-65.95957846499509,0
2020-07-25 06:05:00,2020-04,A69-9001-4985,7/25/2020 6:05,5247.06,5068.1,5.0,34.399703,-119.546521,9,2.6,,,,,In_E Mid_A Off_E Off_F PB,In_E Mid_A Off_E Off_F PB,POINT (-119.546521 34.399703),0 days 00:05:00,0.27914814031527174,POINT (-119.545901 34.39915),317.2286209236748,-11.706456417972,1
2020-07-25 06:10:00,2020-04,A69-9001-4985,7/25/2020 6:10,5087.98,5181.09,5.0,34.400722,-119.548251,1,3.2,,,,,In_D In_E Off_F,In_D In_E Off_F,POINT (-119.548251 34.400722),0 days 00:05:00,0.6504819445002066,POINT (-119.546521 34.399703),305.5221645057028,-156.46868552253008,1
2020-07-25 06:13:00,2020-04,A69-9001-4985,7/25/2020 6:13,5138.82,5096.72,5.0,34.399961,-119.547698,10,2.5,,,,,In_D In_E Off_E Off_F PB,In_D In_E Off_E Off_F PB,POINT (-119.547698 34.399961),0 days 00:03:00,0.5474918228129818,POINT (-119.548251 34.400722),149.05347898317268,-27.218727551041294,0
2020-07-25 06:21:00,2020-04,A69-9001-4985,7/25/2020 6:21,5467.51,4893.59,5.0,34.39813,-119.544124,1,2.8,,,,,In_E In_F Mid_A,In_E In_F Mid_A,POINT (-119.544124 34.39813),0 days 00:08:00,0.8048600188013014,POINT (-119.547698 34.399961),121.83475143213138,72.95675157039523,0
2020-07-25 07:51:00,2020-04,A69-9001-4985,7/25/2020 7:51,5372.6,4535.84,5.0,34.394905,-119.545156,3,3.3,,,,,Mid_A Off_F Off_G PB,Mid_A Off_F Off_G PB,POINT (-119.545156 34.394905),0 days 01:30:00,0.06854072363934324,POINT (-119.544124 34.39813),194.7915030025266,-167.7362491649943,1
2020-07-25 07:59:00,2020-04,A69-9001-4985,7/25/2020 7:59,5534.47,4851.49,5.0,34.39775,-119.543395,1,3.4,,,,,CN In_E In_F Mid_A,In_E In_F Mid_A,POINT (-119.543395 34.39775),0 days 00:08:00,0.7389854761479676,POINT (-119.545156 34.394905),27.05525383753229,-69.08128850170012,1
2020-07-25 08:16:00,2020-04,A69-9001-4985,7/25/2020 8:16,5390.75,5010.21,5.0,34.399181,-119.544958,1,3.1,,,,,In_E In_F Mid_A,In_E In_F Mid_A,POINT (-119.544958 34.399181),0 days 00:17:00,0.20993633062409253,POINT (-119.543395 34.39775),317.9739653358322,-75.23062383646486,1
2020-07-25 08:20:00,2020-04,A69-9001-4985,7/25/2020 8:20,5269.87,4948.18,5.0,34.398622,-119.546273,3,2.9,,,,,In_E In_F Mid_A Off_E,In_E In_F Mid_A Off_E,POINT (-119.546273 34.398622),0 days 00:04:00,0.566201974429107,POINT (-119.544958 34.399181),242.74334149936732,15.745521398426444,0
2020-07-25 08:23:00,2020-04,A69-9001-4985,7/25/2020 8:23,5158.76,4925.67,5.0,34.398419,-119.547481,2,4.0,,,,,Mid_A Off_E Off_F PB,Mid_A Off_E Off_F PB,POINT (-119.547481 34.398419),0 days 00:03:00,0.6296477173152311,POINT (-119.546273 34.398622),258.48886289779375,91.04857103471493,0
2020-07-25 08:28:00,2020-04,A69-9001-4985,7/25/2020 8:28,5118.32,5143.81,5.0,34.400385,-119.547921,3,4.0,,,,,Off_E Off_F OS2 PB,Off_E Off_F OS2 PB,POINT (-119.547921 34.400385),0 days 00:05:00,0.7393621240935553,POINT (-119.547481 34.398419),349.5374339325087,59.613684354967326,0
2020-07-25 08:30:00,2020-04,A69-9001-4985,7/25/2020 8:30,5195.69,5210.37,5.0,34.400985,-119.54708,6,2.7,,,,,In_D In_E Off_E OS2 PB,In_D In_E Off_E OS2 PB,POINT (-119.54708 34.400985),0 days 00:02:00,0.850232735491756,POINT (-119.547921 34.400385),49.15111828747604,-99.28497351411247,0
2020-07-25 08:40:00,2020-04,A69-9001-4985,7/25/2020 8:40,4918.94,5440.41,5.0,34.403059,-119.55009,8,2.6,,,,,In_D In_E Off_D Off_E OS2,In_D In_E Off_D Off_E OS2,POINT (-119.55009 34.403059),0 days 00:10:00,0.59983375063345,POINT (-119.54708 34.400985),309.86614477336354,-15.208297155315956,0
2020-07-25 08:42:00,2020-04,A69-9001-4985,7/25/2020 8:42,4833.18,5479.5,5.0,34.403412,-119.551022,4,2.6,,,,,In_D Off_D Off_E OS2,In_D Off_D Off_E OS2,POINT (-119.551022 34.403412),0 days 00:02:00,0.7851381220855393,POINT (-119.55009 34.403059),294.6578476180476,-11.127064852875776,0
2020-07-25 08:46:00,2020-04,A69-9001-4985,7/25/2020 8:46,4643.81,5524.96,5.0,34.403821,-119.553082,2,3.1,,,,,In_D Off_C Off_D OS2,In_D Off_C Off_D OS2,POINT (-119.553082 34.403821),0 days 00:04:00,0.8115248959117091,POINT (-119.551022 34.403412),283.5307827651718,5.306972025102018,0
2020-07-25 08:48:00,2020-04,A69-9001-4985,7/25/2020 8:48,4569.3,5550.2,5.0,34.404049,-119.553892,3,3.1,,,,,In_C In_D Off_D Off_E,In_C In_D Off_D Off_E,POINT (-119.553892 34.404049),0 days 00:02:00,0.6554419955496292,POINT (-119.553082 34.403821),288.83775479027383,-39.142722439606175,0
2020-07-25 08:51:00,2020-04,A69-9001-4985,7/25/2020 8:51,4413.04,5492.65,5.0,34.40353,-119.555592,14,2.7,,,,,In_B In_C Off_B Off_C Off_D Off_E OS2,In_B In_C Off_B Off_C Off_D OS2,POINT (-119.555592 34.40353),0 days 00:03:00,0.9254046015387881,POINT (-119.553892 34.404049),249.69503235066765,-20.079899626387604,0
2020-07-25 18:00:00,2020-04,A69-9001-4985,7/25/2020 18:00,4347.61,5437.27,5.0,34.403031,-119.556303,4,3.8,,,,,In_C Off_C Off_D OS2,In_C Off_C Off_D OS2,POINT (-119.556303 34.403031),0 days 09:09:00,0.0026005071602588615,POINT (-119.555592 34.40353),229.61513272428004,-103.67104251830966,1
2020-07-25 18:12:00,2020-04,A69-9001-4985,7/25/2020 18:12,5025.37,4948.12,5.0,34.398621,-119.548932,10,2.5,,,,,In_D In_E Off_E Off_F PB,In_D In_E Off_E Off_F PB,POINT (-119.548932 34.398621),0 days 00:12:00,1.1609197897621182,POINT (-119.556303 34.403031),125.94409020597038,12.576761613360299,0
2020-07-25 18:14:00,2020-04,A69-9001-4985,7/25/2020 18:14,5105.41,4858.05,5.0,34.397809,-119.548062,16,2.5,,,,,In_D In_E Mid_A Off_E Off_F PB,In_D In_E Mid_A Off_E Off_F PB,POINT (-119.548062 34.397809),0 days 00:02:00,1.0039200445127907,POINT (-119.548932 34.398621),138.5208518193307,38.2099923901959,0
2020-07-25 18:15:00,2020-04,A69-9001-4985,7/25/2020 18:15,5112.15,4739.48,5.0,34.39674,-119.547988,9,3.8,,,,,In_D In_E In_F Off_E Off_F PB,In_D In_E In_F Off_E Off_F PB,POINT (-119.547988 34.39674),0 days 00:01:00,1.9796464603756105,POINT (-119.548062 34.397809),176.7308442095266,0.0,0
